Workbook

Sheet Summary
D2: Weekly Carrier X | N2: Yearly Carrier X
D3: Hammer Cost Per Unit | E3: Hammer Product Cost | F3: Transportation Cost Store 1 | G3: Total Cost | H3: Transportation Cost Store 2 | I3: Total Cost | J3: Total | N3: Hammer Cost Per Unit | O3: Hammer Product Cost | P3: Transportation Cost Store 1 | Q3: Total Cost | R3: Transportation Cost Store 2 | S3: Total Cost | T3: Total
C4: Supplier A | D4: 0.8 | E4: =(('Historical Orders'!$BG8) + ('Historical Orders'!$BQ8)) * (Summary!D4) -> 12837.44 | F4: ='Carrier Rates'!D2 -> 2540 | G4: =E4+F4 -> 15377.44 | H4: ='Carrier Rates'!D3 -> 1640 | I4: =E4+H4 -> 14477.44 | J4: =G4+I4 -> 29854.88 | M4: Supplier A | N4: 0.8 | O4: =(('Historical Orders'!$BG$54) + ('Historical Orders'!$BQ$54)) * (Summary!N4) -> 722770.4 | P4: ='Carrier Rates'!A16 -> 132080 | Q4: =O4+P4 -> 854850.4 | R4: ='Carrier Rates'!B16 -> 85280 | S4: =O4+R4 -> 808050.4 | T4: =Q4+S4 -> 1662900.8
C5: Supplier B | D5: 0.82 | E5: =(('Historical Orders'!$BG8) + ('Historical Orders'!$BQ8)) * (Summary!D5) -> 13158.376 | F5: ='Carrier Rates'!D4 -> 1200 | G5: =E5+F5 -> 14358.376 | H5: ='Carrier Rates'!D5 -> 1200 | I5: =E5+H5 -> 14358.376 | J5: =G5+I5 -> 28716.752 | M5: Supplier B | N5: 0.82 | O5: =(('Historical Orders'!$BG$54) + ('Historical Orders'!$BQ$54)) * (Summary!N5) -> 740839.66 | P5: ='Carrier Rates'!C16 -> 62400 | Q5: =O5+P5 -> 803239.66 | R5: ='Carrier Rates'!D16 -> 62400 | S5: =O5+R5 -> 803239.66 | T5: =Q5+S5 -> 1606479.3
C6: Diff | D6: =D4-D5 -> -0.02 | E6: =E4-E5 -> -320.936 | F6: =F4-F5 -> 1340 | G6: =G4-G5 -> 1019.064 | H6: =H4-H5 -> 440 | I6: =I4-I5 -> 119.064 | J6: =J4-J5 -> 1138.128 | M6: Diff | N6: =N4-N5 -> -0.02 | O6: =O4-O5 -> -18069.26 | P6: =P4-P5 -> 69680 | Q6: =Q4-Q5 -> 51610.74 | R6: =R4-R5 -> 22880 | S6: =S4-S5 -> 4810.74 | T6: =T4-T5 -> 56421.48
D9: Weekly Carrier Y | N9: Yearly Carrier Y
D10: Hammer Cost Per Unit | E10: Hammer Product Cost | F10: Transportation Cost Store 1 | G10: Total Cost | H10: Transportation Cost Store 2 | I10: Total Cost | J10: Total | N10: Hammer Cost Per Unit | O10: Hammer Product Cost | P10: Transportation Cost Store 1 | Q10: Total Cost | R10: Transportation Cost Store 2 | S10: Total Cost | T10: Total
C11: Supplier A | D11: 0.8 | E11: =(('Historical Orders'!$BG8) + ('Historical Orders'!$BQ8)) * (Summary!D11) -> 12837.44 | F11: =(('Historical Orders'!$BG8) + ('Historical Orders'!$BQ8)) * ('Carrier Rates'!D6) -> 1925.616 | G11: =E11+F11 -> 14763.056 | H11: =(('Historical Orders'!$BG8) + ('Historical Orders'!$BQ8)) * ('Carrier Rates'!D8) -> 1123.276 | I11: =E11+H11 -> 13960.716 | J11: =G11+I11 -> 28723.772 | M11: Supplier A | N11: 0.8 | O11: =(('Historical Orders'!$BG$54) + ('Historical Orders'!$BQ$54)) * (Summary!N11) -> 722770.4 | P11: =(('Historical Orders'!$BG$54) + ('Historical Orders'!$BQ$54)) * ('Carrier Rates'!D6) -> 108415.56 | Q11: =O11+P11 -> 831185.96 | R11: =(('Historical Orders'!$BG$54) + ('Historical Orders'!$BQ$54)) * ('Carrier Rates'!D8) -> 63242.41 | S11: =O11+R11 -> 786012.81 | T11: =Q11+S11 -> 1617198.8
C12: Supplier B | D12: 0.82 | E12: =(('Historical Orders'!$BG8) + ('Historical Orders'!$BQ8)) * (Summary!D12) -> 13158.376 | F12: =(('Historical Orders'!$BG9) + ('Historical Orders'!$BQ9)) * ('Carrier Rates'!D7) -> 990.374 | G12: =E12+F12 -> 14148.75 | H12: =(('Historical Orders'!$BG9) + ('Historical Orders'!$BQ9)) * ('Carrier Rates'!D9) -> 848.892 | I12: =E12+H12 -> 14007.268 | J12: =G12+I12 -> 28156.018 | M12: Supplier B | N12: 0.82 | O12: =(('Historical Orders'!$BG$54) + ('Historical Orders'!$BQ$54)) * (Summary!N12) -> 740839.66 | P12: =(('Historical Orders'!$BG$54) + ('Historical Orders'!$BQ$54)) * ('Carrier Rates'!D7) -> 63242.41 | Q12: =O12+P12 -> 804082.07 | R12: =(('Historical Orders'!$BG$54) + ('Historical Orders'!$BQ$54)) * ('Carrier Rates'!D9) -> 54207.78 | S12: =O12+R12 -> 795047.44 | T12: =Q12+S12 -> 1599129.5
C13: Diff | D13: =D11-D12 -> -0.02 | E13: =E11-E12 -> -320.936 | F13: =F11-F12 -> 935.242 | G13: =G11-G12 -> 614.306 | H13: =H11-H12 -> 274.384 | I13: =I11-I12 -> -46.552 | J13: =J11-J12 -> 567.754 | M13: Diff | N13: =N11-N12 -> -0.02 | O13: =O11-O12 -> -18069.26 | P13: =P11-P12 -> 45173.15 | Q13: =Q11-Q12 -> 27103.89 | R13: =R11-R12 -> 9034.63 | S13: =S11-S12 -> -9034.63 | T13: =T11-T12 -> 18069.26

Sheet Future 2016 - 10% of Summary
D2: Weekly Carrier X | N2: Yearly Carrier X
D3: Hammer Cost Per Unit | E3: Hammer Product Cost | F3: Transportation Cost Store 1 | G3: Total Cost | H3: Transportation Cost Store 2 | I3: Total Cost | J3: Total Dif | N3: Hammer Cost Per Unit | O3: Hammer Product Cost | P3: Transportation Cost Store 1 | Q3: Total Cost | R3: Transportation Cost Store 2 | S3: Total Cost | T3: Total
C4: Supplier A | D4: 0.8 | E4: =(('Future Orders'!$BI8) + ('Future Orders'!$BU8)) * ('Future 2016 - 10% of Summary'!D4) -> 14121.184 | F4: ='Carrier Rates'!D2 -> 2540 | G4: =E4+F4 -> 16661.184 | H4: ='Carrier Rates'!D3 -> 1640 | I4: =E4+H4 -> 15761.184 | J4: =G4+I4 -> 32422.368 | M4: Supplier A | N4: 0.8 | O4: =(('Future Orders'!$BI$54) + ('Future Orders'!$BU$54)) * ('Future 2016 - 10% of Summary'!N4) -> 795047.44 | P4: ='Carrier Rates'!A16 -> 132080 | Q4: =O4+P4 -> 927127.44 | R4: ='Carrier Rates'!B16 -> 85280 | S4: =O4+R4 -> 880327.44 | T4: =Q4+S4 -> 1807454.9
C5: Supplier B | D5: 0.82 | E5: =(('Future Orders'!$BI8) + ('Future Orders'!$BU8))*('Future 2016 - 10% of Summary'!D5) -> 14474.214 | F5: ='Carrier Rates'!D4 -> 1200 | G5: =E5+F5 -> 15674.214 | H5: ='Carrier Rates'!D5 -> 1200 | I5: =E5+H5 -> 15674.214 | J5: =G5+I5 -> 31348.427 | M5: Supplier B | N5: 0.82 | O5: =(('Future Orders'!$BI$54) + ('Future Orders'!$BU$54)) * ('Future 2016 - 10% of Summary'!N5) -> 814923.63 | P5: ='Carrier Rates'!C16 -> 62400 | Q5: =O5+P5 -> 877323.63 | R5: ='Carrier Rates'!D16 -> 62400 | S5: =O5+R5 -> 877323.63 | T5: =Q5+S5 -> 1754647.3
C6: Diff | D6: =D4-D5 -> -0.02 | E6: =E4-E5 -> -353.0296 | F6: =F4-F5 -> 1340 | G6: =G4-G5 -> 986.9704 | H6: =H4-H5 -> 440 | I6: =I4-I5 -> 86.9704 | J6: =J4-J5 -> 1073.9408 | M6: Diff | N6: =N4-N5 -> -0.02 | O6: =O4-O5 -> -19876.186 | P6: =P4-P5 -> 69680 | Q6: =Q4-Q5 -> 49803.814 | R6: =R4-R5 -> 22880 | S6: =S4-S5 -> 3003.814 | T6: =T4-T5 -> 52807.628
D9: Weekly Carrier Y | N9: Yearly Carrier Y
D10: Hammer Cost Per Unit | E10: Hammer Product Cost | F10: Transportation Cost Store 1 | G10: Total Cost | H10: Transportation Cost Store 2 | I10: Total Cost | J10: Total Dif | N10: Hammer Cost Per Unit | O10: Hammer Product Cost | P10: Transportation Cost Store 1 | Q10: Total Cost | R10: Transportation Cost Store 2 | S10: Total Cost | T10: Total
C11: Supplier A | D11: 0.8 | E11: =(('Future Orders'!$BI8) + ('Future Orders'!$BU8))*('Future 2016 - 10% of Summary'!D11) -> 14121.184 | F11: =(('Future Orders'!$BI8) + ('Future Orders'!$BU8)) * ('Carrier Rates'!D6) -> 2118.1776 | G11: =E11+F11 -> 16239.362 | H11: =(('Future Orders'!$BI8) + ('Future Orders'!$BU8)) * ('Carrier Rates'!D8) -> 1235.6036 | I11: =E11+H11 -> 15356.788 | J11: =G11+I11 -> 31596.149 | M11: Supplier A | N11: 0.8 | O11: =(('Future Orders'!$BI$54) + ('Future Orders'!$BU$54)) * ('Future 2016 - 10% of Summary'!N11) -> 795047.44 | P11: =(('Future Orders'!$BI$54) + ('Future Orders'!$BU$54)) * ('Carrier Rates'!D6) -> 119257.12 | Q11: =O11+P11 -> 914304.56 | R11: =(('Future Orders'!$BI$54) + ('Future Orders'!$BU$54)) * ('Carrier Rates'!D8) -> 69566.651 | S11: =O11+R11 -> 864614.09 | T11: =Q11+S11 -> 1778918.6
C12: Supplier B | D12: 0.82 | E12: =(('Future Orders'!$BI8) + ('Future Orders'!$BU8))*('Future 2016 - 10% of Summary'!D12) -> 14474.214 | F12: =(('Future Orders'!$BI9) + ('Future Orders'!$BU9)) * ('Carrier Rates'!D7) -> 1089.4114 | G12: =E12+F12 -> 15563.625 | H12: =(('Future Orders'!$BI8) + ('Future Orders'!$BU8)) * ('Carrier Rates'!D9) -> 1059.0888 | I12: =E12+H12 -> 15533.302 | J12: =G12+I12 -> 31096.927 | M12: Supplier B | N12: 0.82 | O12: =(('Future Orders'!$BI$54) + ('Future Orders'!$BU$54)) * ('Future 2016 - 10% of Summary'!N12) -> 814923.63 | P12: =(('Future Orders'!$BI$54) + ('Future Orders'!$BU$54)) * ('Carrier Rates'!D7) -> 69566.651 | Q12: =O12+P12 -> 884490.28 | R12: =(('Future Orders'!$BI$54) + ('Future Orders'!$BU$54)) * ('Carrier Rates'!D9) -> 59628.558 | S12: =O12+R12 -> 874552.18 | T12: =Q12+S12 -> 1759042.5
C13: Diff | D13: =D11-D12 -> -0.02 | E13: =E11-E12 -> -353.0296 | F13: =F11-F12 -> 1028.7662 | G13: =G11-G12 -> 675.7366 | H13: =H11-H12 -> 176.5148 | I13: =I11-I12 -> -176.5148 | J13: =J11-J12 -> 499.2218 | M13: Diff | N13: =N11-N12 -> -0.02 | O13: =O11-O12 -> -19876.186 | P13: =P11-P12 -> 49690.465 | Q13: =Q11-Q12 -> 29814.279 | R13: =R11-R12 -> 9938.093 | S13: =S11-S12 -> -9938.093 | T13: =T11-T12 -> 19876.186

Sheet Future 2017 - 20% of Summary
D2: Weekly Carrier X | N2: Yearly Carrier X
D3: Hammer Cost Per Unit | E3: Hammer Product Cost | F3: Transportation Cost Store 1 | G3: Total Cost | H3: Transportation Cost Store 2 | I3: Total Cost | J3: Total | N3: Hammer Cost Per Unit | O3: Hammer Product Cost | P3: Transportation Cost Store 1 | Q3: Total Cost | R3: Transportation Cost Store 2 | S3: Total Cost | T3: Total
C4: Supplier A | D4: 0.8 | E4: =((('Future Orders'!$BI8) + ('Future Orders'!$BU8)) * 1.1) * ('Future 2017 - 20% of Summary'!D4) -> 15533.302 | F4: ='Carrier Rates'!D2 -> 2540 | G4: =E4+F4 -> 18073.302 | H4: ='Carrier Rates'!D3 -> 1640 | I4: =E4+H4 -> 17173.302 | J4: =G4+I4 -> 35246.605 | M4: Supplier A | N4: 0.8 | O4: =((('Future Orders'!$BI$54) + ('Future Orders'!$BU$54)) * 1.1) * ('Future 2017 - 20% of Summary'!N4) -> 874552.18 | P4: ='Carrier Rates'!A16 -> 132080 | Q4: =O4+P4 -> 1006632.2 | R4: ='Carrier Rates'!B16 -> 85280 | S4: =O4+R4 -> 959832.18 | T4: =Q4+S4 -> 1966464.4
C5: Supplier B | D5: 0.82 | E5: =((('Future Orders'!$BI8) + ('Future Orders'!$BU8)) * 1.1) * ('Future 2017 - 20% of Summary'!D5) -> 15921.635 | F5: ='Carrier Rates'!D4 -> 1200 | G5: =E5+F5 -> 17121.635 | H5: ='Carrier Rates'!D5 -> 1200 | I5: =E5+H5 -> 17121.635 | J5: =G5+I5 -> 34243.27 | M5: Supplier B | N5: 0.82 | O5: =((('Future Orders'!$BI$54) + ('Future Orders'!$BU$54)) * 1.1) * ('Future 2017 - 20% of Summary'!N5) -> 896415.99 | P5: ='Carrier Rates'!C16 -> 62400 | Q5: =O5+P5 -> 958815.99 | R5: ='Carrier Rates'!D16 -> 62400 | S5: =O5+R5 -> 958815.99 | T5: =Q5+S5 -> 1917632
C6: Diff | D6: =D4-D5 -> -0.02 | E6: =E4-E5 -> -388.33256 | F6: =F4-F5 -> 1340 | G6: =G4-G5 -> 951.66744 | H6: =H4-H5 -> 440 | I6: =I4-I5 -> 51.66744 | J6: =J4-J5 -> 1003.3349 | M6: Diff | N6: =N4-N5 -> -0.02 | O6: =O4-O5 -> -21863.805 | P6: =P4-P5 -> 69680 | Q6: =Q4-Q5 -> 47816.195 | R6: =R4-R5 -> 22880 | S6: =S4-S5 -> 1016.1954 | T6: =T4-T5 -> 48832.391
D9: Weekly Carrier Y | N9: Yearly Carrier Y
D10: Hammer Cost Per Unit | E10: Hammer Product Cost | F10: Transportation Cost Store 1 | G10: Total Cost | H10: Transportation Cost Store 2 | I10: Total Cost | J10: Total | N10: Hammer Cost Per Unit | O10: Hammer Product Cost | P10: Transportation Cost Store 1 | Q10: Total Cost | R10: Transportation Cost Store 2 | S10: Total Cost | T10: Total
C11: Supplier A | D11: 0.8 | E11: =((('Future Orders'!$BI8) + ('Future Orders'!$BU8)) * 1.1) * ('Future 2017 - 20% of Summary'!D11) -> 15533.302 | F11: =((('Future Orders'!$BI8) + ('Future Orders'!$BU8)) * 1.1) * ('Carrier Rates'!D6) -> 2329.9954 | G11: =E11+F11 -> 17863.298 | H11: =((('Future Orders'!$BI8) + ('Future Orders'!$BU8)) * 1.1) * ('Carrier Rates'!D8) -> 1359.164 | I11: =E11+H11 -> 16892.466 | J11: =G11+I11 -> 34755.764 | M11: Supplier A | N11: 0.8 | O11: =((('Future Orders'!$BI$54) + ('Future Orders'!$BU$54)) * 1.1) * ('Future 2017 - 20% of Summary'!N11) -> 874552.18 | P11: =((('Future Orders'!$BI$54) + ('Future Orders'!$BU$54)) * 1.1) * ('Carrier Rates'!D6) -> 131182.83 | Q11: =O11+P11 -> 1005735 | R11: =((('Future Orders'!$BI$54) + ('Future Orders'!$BU$54))* 1.1) * ('Carrier Rates'!D8) -> 76523.316 | S11: =O11+R11 -> 951075.5 | T11: =Q11+S11 -> 1956810.5
C12: Supplier B | D12: 0.82 | E12: =((('Future Orders'!$BI8) + ('Future Orders'!$BU8)) * 1.1) * ('Future 2017 - 20% of Summary'!D12) -> 15921.635 | F12: =((('Future Orders'!$BI8) + ('Future Orders'!$BU8)) * 1.1) * ('Carrier Rates'!D7) -> 1359.164 | G12: =E12+F12 -> 17280.799 | H12: =((('Future Orders'!$BI8) + ('Future Orders'!$BU8)) * 1.1) * ('Carrier Rates'!D9) -> 1164.9977 | I12: =E12+H12 -> 17086.633 | J12: =G12+I12 -> 34367.432 | M12: Supplier B | N12: 0.82 | O12: =((('Future Orders'!$BI$54) + ('Future Orders'!$BU$54)) * 1.1) * ('Future 2017 - 20% of Summary'!N12) -> 896415.99 | P12: =((('Future Orders'!$BI$54) + ('Future Orders'!$BU$54))* 1.1) * ('Carrier Rates'!D7) -> 76523.316 | Q12: =O12+P12 -> 972939.3 | R12: =((('Future Orders'!$BI$54) + ('Future Orders'!$BU$54))* 1.1) * ('Carrier Rates'!D9) -> 65591.414 | S12: =O12+R12 -> 962007.4 | T12: =Q12+S12 -> 1934946.7
C13: Diff | D13: =D11-D12 -> -0.02 | E13: =E11-E12 -> -388.33256 | F13: =F11-F12 -> 970.8314 | G13: =G11-G12 -> 582.49884 | H13: =H11-H12 -> 194.16628 | I13: =I11-I12 -> -194.16628 | J13: =J11-J12 -> 388.33256 | M13: Diff | N13: =N11-N12 -> -0.02 | O13: =O11-O12 -> -21863.805 | P13: =P11-P12 -> 54659.512 | Q13: =Q11-Q12 -> 32795.707 | R13: =R11-R12 -> 10931.902 | S13: =S11-S12 -> -10931.902 | T13: =T11-T12 -> 21863.805

Sheet Future 2020 - 50% of Summary
D2: Weekly Carrier X | N2: Yearly Carrier X
D3: Hammer Cost Per Unit | E3: Hammer Product Cost | F3: Transportation Cost Store 1 | G3: Total Cost | H3: Transportation Cost Store 2 | I3: Total Cost | J3: Total | N3: Hammer Cost Per Unit | O3: Hammer Product Cost | P3: Transportation Cost Store 1 | Q3: Total Cost | R3: Transportation Cost Store 2 | S3: Total Cost | T3: Total
C4: Supplier A | D4: 0.8 | E4: =((('Future Orders'!$BI8) + ('Future Orders'!$BU8)) * 1.4) * ('Future 2020 - 50% of Summary'!D4) -> 19769.658 | F4: =('Carrier Rates'!D2) * 2 -> 5080 | G4: =E4+F4 -> 24849.658 | H4: =('Carrier Rates'!D3) * 2 -> 3280 | I4: =E4+H4 -> 23049.658 | J4: =G4+I4 -> 47899.315 | M4: Supplier A | N4: 0.8 | O4: =((('Future Orders'!$BI$54) + ('Future Orders'!$BU$54)) * 1.4) * ('Future 2020 - 50% of Summary'!N4) -> 1113066.4 | P4: =('Carrier Rates'!A16) * 2 -> 264160 | Q4: =O4+P4 -> 1377226.4 | R4: =('Carrier Rates'!B16) * 2 -> 170560 | S4: =O4+R4 -> 1283626.4 | T4: =Q4+S4 -> 2660852.8
C5: Supplier B | D5: 0.82 | E5: =((('Future Orders'!$BI8) + ('Future Orders'!$BU8)) * 1.4) * ('Future 2020 - 50% of Summary'!D5) -> 20263.899 | F5: =('Carrier Rates'!D4) * 2 -> 2400 | G5: =E5+F5 -> 22663.899 | H5: =('Carrier Rates'!D5) * 2 -> 2400 | I5: =E5+H5 -> 22663.899 | J5: =G5+I5 -> 45327.798 | M5: Supplier B | N5: 0.82 | O5: =((('Future Orders'!$BI$54) + ('Future Orders'!$BU$54)) * 1.4) * ('Future 2020 - 50% of Summary'!N5) -> 1140893.1 | P5: =('Carrier Rates'!C16) * 2 -> 124800 | Q5: =O5+P5 -> 1265693.1 | R5: =('Carrier Rates'!D16) * 2 -> 124800 | S5: =O5+R5 -> 1265693.1 | T5: =Q5+S5 -> 2531386.2
C6: Diff | D6: =D4-D5 -> -0.02 | E6: =E4-E5 -> -494.24144 | F6: =F4-F5 -> 2680 | G6: =G4-G5 -> 2185.7586 | H6: =H4-H5 -> 880 | I6: =I4-I5 -> 385.75856 | J6: =J4-J5 -> 2571.5171 | M6: Diff | N6: =N4-N5 -> -0.02 | O6: =O4-O5 -> -27826.66 | P6: =P4-P5 -> 139360 | Q6: =Q4-Q5 -> 111533.34 | R6: =R4-R5 -> 45760 | S6: =S4-S5 -> 17933.34 | T6: =T4-T5 -> 129466.68
D9: Weekly Carrier Y | N9: Yearly Carrier Y
D10: Hammer Cost Per Unit | E10: Hammer Product Cost | F10: Transportation Cost Store 1 | G10: Total Cost | H10: Transportation Cost Store 2 | I10: Total Cost | J10: Total | N10: Hammer Cost Per Unit | O10: Hammer Product Cost | P10: Transportation Cost Store 1 | Q10: Total Cost | R10: Transportation Cost Store 2 | S10: Total Cost | T10: Total
C11: Supplier A | D11: 0.8 | E11: =((('Future Orders'!$BI8) + ('Future Orders'!$BU8)) * 1.4) * ('Future 2020 - 50% of Summary'!D11) -> 19769.658 | F11: =((('Future Orders'!$BI8) + ('Future Orders'!$BU8)) * 1.4) * ('Carrier Rates'!D6) -> 2965.4486 | G11: =E11+F11 -> 22735.106 | H11: =((('Future Orders'!$BI8) + ('Future Orders'!$BU8)) * 1.4) * ('Carrier Rates'!D8) -> 1729.845 | I11: =E11+H11 -> 21499.503 | J11: =G11+I11 -> 44234.609 | M11: Supplier A | N11: 0.8 | O11: =((('Future Orders'!$BI$54) + ('Future Orders'!$BU$54)) * 1.4) * ('Future 2020 - 50% of Summary'!N11) -> 1113066.4 | P11: =((('Future Orders'!$BI$54) + ('Future Orders'!$BU$54)) * 1.4) * ('Carrier Rates'!D6) -> 166959.96 | Q11: =O11+P11 -> 1280026.4 | R11: =((('Future Orders'!$BI$54) + ('Future Orders'!$BU$54)) * 1.4) * ('Carrier Rates'!D8) -> 97393.311 | S11: =O11+R11 -> 1210459.7 | T11: =Q11+S11 -> 2490486.1
C12: Supplier B | D12: 0.82 | E12: =((('Future Orders'!$BI8) + ('Future Orders'!$BU8)) * 1.4) * ('Future 2020 - 50% of Summary'!D12) -> 20263.899 | F12: =((('Future Orders'!$BI8) + ('Future Orders'!$BU8)) * 1.4) * ('Carrier Rates'!D7) -> 1729.845 | G12: =E12+F12 -> 21993.744 | H12: =((('Future Orders'!$BI8) + ('Future Orders'!$BU8)) * 1.4) * ('Carrier Rates'!D9) -> 1482.7243 | I12: =E12+H12 -> 21746.623 | J12: =G12+I12 -> 43740.367 | M12: Supplier B | N12: 0.82 | O12: =((('Future Orders'!$BI$54) + ('Future Orders'!$BU$54)) * 1.4) * ('Future 2020 - 50% of Summary'!N12) -> 1140893.1 | P12: =((('Future Orders'!$BI$54) + ('Future Orders'!$BU$54)) * 1.4) * ('Carrier Rates'!D7) -> 97393.311 | Q12: =O12+P12 -> 1238286.4 | R12: =((('Future Orders'!$BI$54) + ('Future Orders'!$BU$54)) * 1.4) * ('Carrier Rates'!D9) -> 83479.981 | S12: =O12+R12 -> 1224373.1 | T12: =Q12+S12 -> 2462659.4
C13: Diff | D13: =D11-D12 -> -0.02 | E13: =E11-E12 -> -494.24144 | F13: =F11-F12 -> 1235.6036 | G13: =G11-G12 -> 741.36216 | H13: =H11-H12 -> 247.12072 | I13: =I11-I12 -> -247.12072 | J13: =J11-J12 -> 494.24144 | M13: Diff | N13: =N11-N12 -> -0.02 | O13: =O11-O12 -> -27826.66 | P13: =P11-P12 -> 69566.651 | Q13: =Q11-Q12 -> 41739.991 | R13: =R11-R12 -> 13913.33 | S13: =S11-S12 -> -13913.33 | T13: =T11-T12 -> 27826.66

Sheet Product Info
B1: Product Id | C1: Product Desc | D1: Package Qty | E1: Weight | F1: Weight Unit of Measure
B2: 1 | C2: Wrench | D2: 1 | E2: 2.2 | F2: LB
B3: 2 | C3: Saw | D3: 1 | E3: 1.2 | F3: LB
B4: 3 | C4: Drill | D4: 1 | E4: 8.3 | F4: LB
B5: 4 | C5: Hammer | D5: 1 | E5: 2 | F5: LB
F7: Current Shipping Rates
C9: Current Shipping Store 1 | I9: Current Shipping Store 2
C12: Weight | I12: Weight
D13: =$C$2 -> Wrench | E13: =$C$3 -> Saw | F13: =$C$4 -> Drill | G13: Total | J13: =$C$2 -> Wrench | K13: =$C$3 -> Saw | L13: =$C$4 -> Drill | M13: Total
C14: Supplier A | D14: =SUM('Historical Orders'!$I$2:$I$313) -> 516927.4 | E14: =SUM('Historical Orders'!$Q$2:$Q$313) -> 354705.6 | F14: =SUM('Historical Orders'!$Y$2:$Y$313) -> 0 | G14: =SUM(D14:F14) -> 871633 | I14: Supplier A | J14: =SUM('Historical Orders'!$M$2:$M$313) -> 386535.6 | K14: =SUM('Historical Orders'!$U$2:$U$313) -> 370653.6 | L14: =SUM('Historical Orders'!$AC$2:$AC$313) -> 0 | M14: =SUM(J14:L14) -> 757189.2
C15: Supplier B | D15: =SUM('Historical Orders'!$K$2:$K$313) -> 0 | E15: =SUM('Historical Orders'!$S$2:$S$313) -> 0 | F15: =SUM('Historical Orders'!$AA$2:$AA$313) -> 903977.9 | G15: =SUM(D15:F15) -> 903977.9 | I15: Supplier B | J15: =SUM('Historical Orders'!$O$2:$O$313) -> 0 | K15: =SUM('Historical Orders'!$W$2:$W$313) -> 0 | L15: =SUM('Historical Orders'!$AE$2:$AE$313) -> 1126675.2 | M15: =SUM(J15:L15) -> 1126675.2
C16: Total: | G16: =(G14+G15) -> 1775610.9 | I16: Total: | M16: =(M14+M15) -> 1883864.4
C17: Quantity | I17: Quantity
D18: =$C$2 -> Wrench | E18: =$C$3 -> Saw | F18: =$C$4 -> Drill | G18: Total | J18: =$C$2 -> Wrench | K18: =$C$3 -> Saw | L18: =$C$4 -> Drill | M18: Total
C19: Supplier A | D19: =SUM('Historical Orders'!$H$2:$H$313) -> 234967 | E19: =SUM('Historical Orders'!$L$2:$L$313) -> 175698 | F19: =SUM('Historical Orders'!$AB$2:$AB$313) -> 0 | G19: =SUM(D19:F19) -> 410665 | I19: Supplier A | J19: =SUM('Historical Orders'!$L$2:$L$313) -> 175698 | K19: =SUM('Historical Orders'!$T$2:$T$313) -> 308878 | L19: =SUM('Historical Orders'!$AB$2:$AB$313) -> 0 | M19: =SUM(J19:L19) -> 484576
C20: Supplier B | D20: =SUM('Historical Orders'!$J$2:$J$313) -> 0 | E20: =SUM('Historical Orders'!$R$2:$R$313) -> 0 | F20: =SUM('Historical Orders'!$Z$2:$Z$313) -> 108913 | G20: =SUM(D20:F20) -> 108913 | I20: Supplier B | J20: =SUM('Historical Orders'!$N$2:$N$313) -> 0 | K20: =SUM('Historical Orders'!$V$2:$V$313) -> 0 | L20: =SUM('Historical Orders'!$AD$2:$AD$313) -> 135744 | M20: =SUM(J20:L20) -> 135744
C21: Total: | G21: =(G19+G20) -> 519578 | I21: Total: | M21: =(M19+M20) -> 620320
C24: Supplier A Store 1 | I24: Supplier B Store 1
C25: Cost | I25: Weight
D26: =$C$2 -> Wrench | E26: =$C$3 -> Saw | F26: =$C$4 -> Drill | G26: Total | J26: =$C$2 -> Wrench | K26: =$C$3 -> Saw | L26: =$C$4 -> Drill | M26: Total
C27: Carrier X Cost | D27: ='Carrier Rates'!A16 -> 132080 | G27: =SUM(D27:F27) -> 132080 | I27: Carrier X Cost | L27: ='Carrier Rates'!C16 -> 62400 | M27: =SUM(J27:L27) -> 62400
C28: Carrier Y Cost | D28: =(D14)*('Carrier Rates'!$D$6) -> 62031.288 | E28: =(E14)*('Carrier Rates'!$D$6) -> 42564.672 | F28: =(F14)*('Carrier Rates'!$D$6) -> 0 | G28: =SUM(D28:F28) -> 104595.96 | I28: Carrier Y Cost | J28: =(D15)*('Carrier Rates'!$D$8) -> 0 | K28: =(E15)*('Carrier Rates'!$D$8) -> 0 | L28: =(F15)*('Carrier Rates'!$D$8) -> 63278.453 | M28: =SUM(J28:L28) -> 63278.453
C29: Difference: | G29: =(G27-G28) -> 27484.04 | I29: Difference: | M29: =(M27-M28) -> -878.453
C31: Supplier A Store 2 | I31: Supplier B Store 2
C32: Cost | I32: Weight
D33: =$C$2 -> Wrench | E33: =$C$3 -> Saw | F33: =$C$4 -> Drill | G33: Total | J33: =$C$2 -> Wrench | K33: =$C$3 -> Saw | L33: =$C$4 -> Drill | M33: Total
C34: Carrier X Cost | D34: ='Carrier Rates'!B16 -> 85280 | G34: =SUM(D34:F34) -> 85280 | I34: Carrier X Cost | L34: ='Carrier Rates'!D16 -> 62400 | M34: =SUM(J34:L34) -> 62400
C35: Carrier Y Cost | D35: =(J14)*('Carrier Rates'!$D$7) -> 27057.492 | E35: =(K14)*('Carrier Rates'!$D$7) -> 25945.752 | F35: =(L14)*('Carrier Rates'!$D$7) -> 0 | G35: =SUM(D35:F35) -> 53003.244 | I35: Carrier Y Cost | J35: =(J15)*('Carrier Rates'!$D$9) -> 0 | K35: =(K15)*('Carrier Rates'!$D$9) -> 0 | L35: =(L15)*('Carrier Rates'!$D$9) -> 67600.512 | M35: =SUM(J35:L35) -> 67600.512
C36: Difference: | G36: =(G34-G35) -> 32276.756 | I36: Difference: | M36: =SUM(M34-M35) -> -5200.512
F40: Proposed Shipping Rates
C42: Proposed Shipping Store 1 | J42: Proposed Shipping Store 2
C45: Weight | J45: Weight
D46: =$C$2 -> Wrench | E46: =$C$3 -> Saw | F46: =$C$4 -> Drill | G46: =$C$5 -> Hammer | H46: Total | K46: =$C$2 -> Wrench | L46: =$C$3 -> Saw | M46: =$C$4 -> Drill | N46: =$C$5 -> Hammer | O46: Total
C47: Supplier A | D47: =SUM('Future Orders'!$BI$54) -> 568620.14 | E47: =SUM('Future Orders'!$BJ$54) -> 390176.16 | F47: =SUM('Future Orders'!$BK$54) -> 0 | G47: =SUM('Future Orders'!$BL$54) -> 568620.14 | H47: =SUM(D47:G47) -> 1527416.4 | J47: Supplier A | K47: =SUM('Future Orders'!$BU$54) -> 425189.16 | L47: =SUM('Future Orders'!$BV$54) -> 407718.96 | M47: =SUM('Future Orders'!$BW$54) -> 0 | N47: =SUM('Future Orders'!$BX$54) -> 425189.16 | O47: =SUM(K47:N47) -> 1258097.3
C48: Supplier B | D48: =SUM('Future Orders'!$BO$54) -> 0 | E48: =SUM('Future Orders'!$BP$54) -> 0 | F48: =SUM('Future Orders'!$BQ$54) -> 994375.69 | G48: =SUM('Future Orders'!$BR$54) -> 0 | H48: =SUM(D48:G48) -> 994375.69 | J48: Supplier B | K48: =SUM('Future Orders'!$CA$54) -> 0 | L48: =SUM('Future Orders'!$CB$54) -> 0 | M48: =SUM('Future Orders'!$CC$54) -> 1239342.7 | N48: =SUM('Future Orders'!$CD$54) -> 0 | O48: =SUM(K48:N48) -> 1239342.7
C49: Total: | H49: =(H47+H48) -> 2521792.1 | J49: Total: | O49: =(O47+O48) -> 2497440
C50: Quantity | J50: Quantity
D51: =$C$2 -> Wrench | E51: =$C$3 -> Saw | F51: =$C$4 -> Drill | G51: =$C$5 -> Hammer | H51: Total | K51: =$C$2 -> Wrench | L51: =$C$3 -> Saw | M51: =$C$4 -> Drill | N51: =$C$5 -> Hammer | O51: Total
C52: Supplier A | D52: =SUM('Historical Orders'!$H$2:$H$313) -> 234967 | E52: =SUM('Historical Orders'!$L$2:$L$313) -> 175698 | F52: =SUM('Historical Orders'!$AB$2:$AB$313) -> 0 | G52: =SUM('Historical Orders'!$H$2:$H$313) -> 234967 | H52: =SUM(D52:G52) -> 645632 | J52: Supplier A | K52: =SUM('Historical Orders'!$L$2:$L$313) -> 175698 | L52: =SUM('Historical Orders'!$T$2:$T$313) -> 308878 | M52: =SUM('Historical Orders'!$AB$2:$AB$313) -> 0 | N52: =SUM('Historical Orders'!$L$2:$L$313) -> 175698 | O52: =SUM(K52:N52) -> 660274
C53: Supplier B | D53: =SUM('Historical Orders'!$J$2:$J$313) -> 0 | E53: =SUM('Historical Orders'!$R$2:$R$313) -> 0 | F53: =SUM('Historical Orders'!$Z$2:$Z$313) -> 108913 | G53: =SUM('Historical Orders'!$AH$2:$AH$313) -> 0 | H53: =SUM(D53:G53) -> 108913 | J53: Supplier B | K53: =SUM('Historical Orders'!$N$2:$N$313) -> 0 | L53: =SUM('Historical Orders'!$V$2:$V$313) -> 0 | M53: =SUM('Historical Orders'!$AD$2:$AD$313) -> 135744 | N53: =SUM('Historical Orders'!$AL$2:$AL$313) -> 0 | O53: =SUM(K53:N53) -> 135744
C54: Total: | H54: =(H52+H53) -> 754545 | J54: Total: | O54: =(O52+O53) -> 796018
C56: Supplier A Store 1 | J56: Supplier B Store 1
C57: Cost | J57: Weight
D58: =$C$2 -> Wrench | E58: =$C$3 -> Saw | F58: =$C$4 -> Drill | G58: =$C$5 -> Hammer | H58: Total | K58: =$C$2 -> Wrench | L58: =$C$3 -> Saw | M58: =$C$4 -> Drill | N58: =$C$5 -> Hammer | O58: Total
C59: Carrier X Cost | D59: ='Carrier Rates'!A16 -> 132080 | H59: =SUM(D59:G59) -> 132080 | J59: Carrier X Cost | M59: ='Carrier Rates'!C16 -> 62400 | O59: =SUM(K59:N59) -> 62400
C60: Carrier Y Cost | D60: =('Future Orders'!$BI$54)*('Carrier Rates'!$D$6) -> 68234.417 | E60: =('Future Orders'!$BJ$54)*('Carrier Rates'!$D$6) -> 46821.139 | F60: =('Future Orders'!$BK$54)*('Carrier Rates'!$D$6) -> 0 | G60: =('Future Orders'!$BL$54)*('Carrier Rates'!$D$6) -> 68234.417 | H60: =SUM(D60:G60) -> 183289.97 | J60: Carrier Y Cost | K60: =('Future Orders'!$BP$54) * ('Carrier Rates'!$D$8) -> 0 | L60: =('Future Orders'!$BP$54) * ('Carrier Rates'!$D$8) -> 0 | M60: =('Future Orders'!$BQ$54) * ('Carrier Rates'!$D$8) -> 69606.298 | N60: =('Future Orders'!$BR$54) * ('Carrier Rates'!$D$8) -> 0 | O60: =SUM(K60:N60) -> 69606.298
C61: Total: | H61: =H59+H60 -> 315369.97 | J61: Total: | O61: =O59+O60 -> 132006.3
C62: Difference: | H62: =H59-H60 -> -51209.973 | J62: Difference: | O62: =O59-O60 -> -7206.2983
C64: Supplier A Store 2 | J64: Supplier B Store 2
C65: Cost | J65: Weight
D66: =$C$2 -> Wrench | E66: =$C$3 -> Saw | F66: =$C$4 -> Drill | G66: =$C$5 -> Hammer | H66: Total | K66: =$C$2 -> Wrench | L66: =$C$3 -> Saw | M66: =$C$4 -> Drill | N66: =$C$5 -> Hammer | O66: Total
C67: Carrier X Cost | D67: ='Carrier Rates'!B16 -> 85280 | H67: =SUM(D67:G67) -> 85280 | J67: Carrier X Cost | M67: ='Carrier Rates'!D16 -> 62400 | O67: =SUM(K67:N67) -> 62400
C68: Carrier Y Cost | D68: =('Future Orders'!$BU$54)*('Carrier Rates'!$D$7) -> 29763.241 | E68: =('Future Orders'!$BV$54)*('Carrier Rates'!$D$7) -> 28540.327 | F68: =('Future Orders'!$BW$54)*('Carrier Rates'!$D$7) -> 0 | G68: =('Future Orders'!$BX$54)*('Carrier Rates'!$D$7) -> 29763.241 | H68: =SUM(D68:G68) -> 88066.81 | J68: Carrier Y Cost | K68: =('Future Orders'!$CA$54) * ('Carrier Rates'!$D$8) -> 0 | L68: =('Future Orders'!$CB$54) * ('Carrier Rates'!$D$8) -> 0 | M68: =('Future Orders'!$CC$54) * ('Carrier Rates'!$D$9) -> 74360.563 | N68: =('Future Orders'!$CD$54) * ('Carrier Rates'!$D$8) -> 0 | O68: =SUM(K68:N68) -> 74360.563
C69: Total: | H69: =H67+H68 -> 173346.81 | J69: Total: | O69: =O67+O68 -> 136760.56
C70: Difference: | H70: =H67-H68 -> -2786.8096 | J70: Difference: | O70: =O67-O68 -> -11960.563

Sheet Carrier Rates
A1: Carrier | B1: Supplier | C1: Str Nbr | D1: Cost | E1: Curent Yearly Cost
A2: X | B2: A | C2: 1 | D2: 2540 | E2: =A15*D2 -> 132080
A3: X | B3: A | C3: 2 | D3: 1640 | E3: =B15*D3 -> 85280
A4: X | B4: B | C4: 1 | D4: 1200 | E4: =C15*D4 -> 62400
A5: X | B5: B | C5: 2 | D5: 1200 | E5: =D15*D5 -> 62400
A6: Y | B6: A | C6: 1 | D6: 0.12 | E6: =E15*D6 -> 104595.96
A7: Y | B7: A | C7: 2 | D7: 0.07 | E7: =F15*D7 -> 53003.244
A8: Y | B8: B | C8: 1 | D8: 0.07 | E8: =G15*D8 -> 63278.453
A9: Y | B9: B | C9: 2 | D9: 0.06 | E9: =H15*D9 -> 67600.512
A11: Carrier X | E11: Carrier Y
A12: Yearly Shipments for Supplier A Store 1 | B12: Yearly Shipments for Supplier A Store 2 | C12: Yearly Shipments for Supplier B Store 1 | D12: Yearly Shipments for Supplier B Store 2 | E12: Yearly Shipments Weight for Supplier A Store 1 | F12: Yearly Shipments Weight for Supplier A Store 2 | G12: Yearly Shipments Weight for Supplier B Store 1 | H12: Yearly Shipments Weight for Supplier B Store 2
A15: {=SUM('Historical Shipments'!S2:S53/2)} -> 52 | B15: {=SUM('Historical Shipments'!T2:T53/2)} -> 52 | C15: {=SUM('Historical Shipments'!U2:U53/2)} -> 52 | D15: {=SUM('Historical Shipments'!V2:V53/2)} -> 52 | E15: ='Historical Shipments'!$K$54 -> 871633 | F15: ='Historical Shipments'!$L$54 -> 757189.2 | G15: ='Historical Shipments'!$M$54 -> 903977.9 | H15: ='Historical Shipments'!$N$54 -> 1126675.2
A16: =A15*D2 -> 132080 | B16: =B15*D3 -> 85280 | C16: =C15*D4 -> 62400 | D16: =D15*D5 -> 62400 | E16: =E15*D6 -> 104595.96 | F16: =F15*D7 -> 53003.244 | G16: =G15*D8 -> 63278.453 | H16: =H15*D9 -> 67600.512
A20: Carrier X Yearly Cost | B20: =SUM(E2:E5) -> 342160
A21: Carrier Y Yearly Cost | B21: =SUM(E6:E9) -> 288478.17

Sheet Historical Orders
A1: Order Dt | B1: Str Nbr | C1: Supplier | D1: Product Id | E1: Order Qty | F1: Product Weight | G1: Order Weight | H1: Product 1, Store 1, Supplier A | I1: Product 1, Store 1, Supplier A, Weight | J1: Product 1, Store 1, Supplier B | K1: Product 1, Store 1, Supplier B, Weight | L1: Product 1, Store 2, Supplier A | M1: Product 1, Store 2, Supplier A, Weight | N1: Product 1, Store 2, Supplier B | O1: Product 1, Store 2, Supplier B, Weight | P1: Product 2, Store 1, Supplier A | Q1: Product 2, Store 1, Supplier A, Weight | R1: Product 2, Store 1, Supplier B | S1: Product 2, Store 1, Supplier B, Weight | T1: Product 2, Store 2, Supplier A | U1: Product 2, Store 2, Supplier A, Weight | V1: Product 2, Store 2, Supplier B | W1: Product 2, Store 2, Supplier B, Weight | X1: Product 3, Store 1, Supplier A | Y1: Product 3, Store 1, Supplier A, Weight | Z1: Product 3, Store 1, Supplier B | AA1: Product 3, Store 1, Supplier B, Weight | AB1: Product 3, Store 2, Supplier A | AC1: Product 3, Store 2, Supplier A, Weight | AD1: Product 3, Store 2, Supplier B | AE1: Product 3, Store 2, Supplier B, Weight | AF1: Product 4, Store 1, Supplier A | AG1: Product 4, Store 1, Supplier A, Weight | AH1: Product 4, Store 1, Supplier B | AI1: Product 4, Store 1, Supplier B, Weight | AJ1: Product 4, Store 2, Supplier A | AK1: Product 4, Store 2, Supplier A, Weight | AL1: Product 4, Store 2, Supplier B | AM1: Product 4, Store 2, Supplier B, Weight | AN1: Total Weight Store 1 Supplier A | AO1: Total Weight Store 1 Supplier B | AP1: Total Weight Store 2 Supplier A | AQ1: Total Weight Store 2 Supplier A2 | AT1: Order Date | AU1: Split 1 | AV1: Order Date | AW1: Quantity Total per week | AX1: Quantity Total per week Store 1 | AY1: Quantity Total per week Store 2 | AZ1: Quantity Total per week Supplier A | BA1: Quantity Total per week Supplier B | BB1: Split 2 | BC1: Weight Total per week | BD1: Weight Total per week Store 1 | BE1: Weight Total per week Store 2 | BF1: Split 3 | BG1: Weight Total per week Store 1 Product 1 Supplier A | BH1: Weight Total per week Store 1 Product 2 Supplier A | BI1: Weight Total per week Store 1 Product 3 Supplier A | BJ1: Weight Total per week Store 1 Supplier A | BK1: Split 4 | BL1: Weight Total per week Store 1 Product 1 Supplier B | BM1: Weight Total per week Store 1 Product 2 Supplier B | BN1: Weight Total per week Store 1 Product 3 Supplier B | BO1: Weight Total per week Store 1 Supplier B | BP1: Split 5 | BQ1: Weight Total per week Store 2 Product 1 Supplier A | BR1: Weight Total per week Store 2 Product 2 Supplier A | BS1: Weight Total per week Store 2 Product 3 Supplier A | BT1: Weight Total per week Store 2 Supplier A | BU1: Split 6 | BV1: Weight Total per week Store 2 Product 1 Supplier B | BW1: Weight Total per week Store 2 Product 2 Supplier B | BX1: Weight Total per week Store 2 Product 3 Supplier B | BY1: Weight Total per week Store 2 Supplier B | BZ1: Split 7 | CA1: Store 1 per week | CB1: Store 2 per Week | CC1: Supplier A per week | CD1: Supplier B per week | CE1: Product ID 1 per week | CF1: Product ID 2 per week | CG1: Product ID 3 per week | CH1: Split 8
A2: 41855 | B2: 1 | C2: A | D2: 1 | E2: 4338 | F2: 2.2 | G2: 9543.6 | H2: =SUMIFS('Historical Orders'!$E2, 'Historical Orders'!$D2, "1", 'Historical Orders'!$C2, "A", 'Historical Orders'!$B2, "1") -> 4338 | I2: =SUMIFS('Historical Orders'!$G2, 'Historical Orders'!$D2, "1", 'Historical Orders'!$C2, "A", 'Historical Orders'!$B2, "1") -> 9543.6 | J2: =SUMIFS('Historical Orders'!$E2, 'Historical Orders'!$D2, "1", 'Historical Orders'!$C2, "B", 'Historical Orders'!$B2, "1") -> 0 | K2: =SUMIFS('Historical Orders'!$G2, 'Historical Orders'!$D2, "1", 'Historical Orders'!$C2, "B", 'Historical Orders'!$B2, "1") -> 0 | L2: =SUMIFS('Historical Orders'!$E2, 'Historical Orders'!$D2, "1", 'Historical Orders'!$C2, "A", 'Historical Orders'!$B2, "2") -> 0 | M2: =SUMIFS('Historical Orders'!$G2, 'Historical Orders'!$D2, "1", 'Historical Orders'!$C2, "A", 'Historical Orders'!$B2, "2") -> 0 | N2: =SUMIFS('Historical Orders'!$E2, 'Historical Orders'!$D2, "1", 'Historical Orders'!$C2, "B", 'Historical Orders'!$B2, "2") -> 0 | O2: =SUMIFS('Historical Orders'!$G2, 'Historical Orders'!$D2, "1", 'Historical Orders'!$C2, "B", 'Historical Orders'!$B2, "2") -> 0 | P2: =SUMIFS('Historical Orders'!$E2, 'Historical Orders'!$D2, "2", 'Historical Orders'!$C2, "A", 'Historical Orders'!$B2, "1") -> 0 | Q2: =SUMIFS('Historical Orders'!$G2, 'Historical Orders'!$D2, "2", 'Historical Orders'!$C2, "A", 'Historical Orders'!$B2, "1") -> 0 | R2: =SUMIFS('Historical Orders'!$E2, 'Historical Orders'!$D2, "2", 'Historical Orders'!$C2, "B", 'Historical Orders'!$B2, "1") -> 0 | S2: =SUMIFS('Historical Orders'!$G2, 'Historical Orders'!$D2, "2", 'Historical Orders'!$C2, "B", 'Historical Orders'!$B2, "1") -> 0 | T2: =SUMIFS('Historical Orders'!$E2, 'Historical Orders'!$D2, "2", 'Historical Orders'!$C2, "A", 'Historical Orders'!$B2, "2") -> 0 | U2: =SUMIFS('Historical Orders'!$G2, 'Historical Orders'!$D2, "2", 'Historical Orders'!$C2, "A", 'Historical Orders'!$B2, "2") -> 0 | V2: =SUMIFS('Historical Orders'!$E2, 'Historical Orders'!$D2, "2", 'Historical Orders'!$C2, "B", 'Historical Orders'!$B2, "2") -> 0 | W2: =SUMIFS('Historical Orders'!$G2, 'Historical Orders'!$D2, "2", 'Historical Orders'!$C2, "B", 'Historical Orders'!$B2, "2") -> 0 | X2: =SUMIFS('Historical Orders'!$E2, 'Historical Orders'!$D2, "3", 'Historical Orders'!$C2, "A", 'Historical Orders'!$B2, "1") -> 0 | Y2: =SUMIFS('Historical Orders'!$G2, 'Historical Orders'!$D2, "3", 'Historical Orders'!$C2, "A", 'Historical Orders'!$B2, "1") -> 0 | Z2: =SUMIFS('Historical Orders'!$E2, 'Historical Orders'!$D2, "3", 'Historical Orders'!$C2, "B", 'Historical Orders'!$B2, "1") -> 0 | AA2: =SUMIFS('Historical Orders'!$G2, 'Historical Orders'!$D2, "3", 'Historical Orders'!$C2, "B", 'Historical Orders'!$B2, "1") -> 0 | AB2: =SUMIFS('Historical Orders'!$E2, 'Historical Orders'!$D2, "3", 'Historical Orders'!$C2, "A", 'Historical Orders'!$B2, "2") -> 0 | AC2: =SUMIFS('Historical Orders'!$G2, 'Historical Orders'!$D2, "3", 'Historical Orders'!$C2, "A", 'Historical Orders'!$B2, "2") -> 0 | AD2: =SUMIFS('Historical Orders'!$E2, 'Historical Orders'!$D2, "3", 'Historical Orders'!$C2, "B", 'Historical Orders'!$B2, "2") -> 0 | AE2: =SUMIFS('Historical Orders'!$G2, 'Historical Orders'!$D2, "3", 'Historical Orders'!$C2, "B", 'Historical Orders'!$B2, "2") -> 0 | AF2: =SUMIFS('Historical Orders'!$E2, 'Historical Orders'!$D2, "4", 'Historical Orders'!$C2, "A", 'Historical Orders'!$B2, "1") -> 0 | AG2: =SUMIFS('Historical Orders'!$G2, 'Historical Orders'!$D2, "4", 'Historical Orders'!$C2, "A", 'Historical Orders'!$B2, "1") -> 0 | AH2: =SUMIFS('Historical Orders'!$E2, 'Historical Orders'!$D2, "4", 'Historical Orders'!$C2, "B", 'Historical Orders'!$B2, "1") -> 0 | AI2: =SUMIFS('Historical Orders'!$G2, 'Historical Orders'!$D2, "4", 'Historical Orders'!$C2, "B", 'Historical Orders'!$B2, "1") -> 0 | AJ2: =SUMIFS('Historical Orders'!$E2, 'Historical Orders'!$D2, "4", 'Historical Orders'!$C2, "A", 'Historical Orders'!$B2, "2") -> 0 | AK2: =SUMIFS('Historical Orders'!$G2, 'Historical Orders'!$D2, "4", 'Historical Orders'!$C2, "A", 'Historical Orders'!$B2, "2") -> 0 | AL2: =SUMIFS('Historical Orders'!$E2, 'Historical Orders'!$D2, "4", 'Historical Orders'!$C2, "B", 'Historical Orders'!$B2, "2") -> 0 | AM2: =SUMIFS('Historical Orders'!$G2, 'Historical Orders'!$D2, "4", 'Historical Orders'!$C2, "B", 'Historical Orders'!$B2, "2") -> 0 | AN2: =SUMIFS('Historical Orders'!$G2, 'Historical Orders'!$C2, "A", 'Historical Orders'!$B2, "1") -> 9543.6 | AO2: =SUMIFS('Historical Orders'!$G2, 'Historical Orders'!$C2, "B", 'Historical Orders'!$B2, "1") -> 0 | AP2: =SUMIFS('Historical Orders'!$G2, 'Historical Orders'!$C2, "A", 'Historical Orders'!$B2, "2") -> 0 | AQ2: =SUMIFS('Historical Orders'!$G2, 'Historical Orders'!$C2, "B", 'Historical Orders'!$B2, "2") -> 0 | AT2: {=UNIQUE('Historical Orders'!$A$2:$A$313)} -> 41855 | AV2: =AT2 -> 41855 | AW2: =SUMIFS(E:E, A:A, AT2) -> 22543 | AX2: =SUMIFS(E:E, A:A, AT2, B:B, "1") -> 11234 | AY2: =SUMIFS(E:E, A:A, AT2, B:B, "2") -> 11309 | AZ2: =SUMIFS(E:E, A:A, AT2, C:C, "A") -> 18117 | BA2: =SUMIFS(E:E, A:A, AT2, C:C, "B") -> 4426 | BC2: =SUMIFS(G:G, A:A, AT2) -> 66414.2 | BD2: =SUMIFS(G:G, A:A, AT2, B:B, "1") -> 31237.8 | BE2: =SUMIFS(G:G, A:A, AT2, B:B, "2") -> 35176.4 | BG2: =SUMIFS(G:G, A:A, AT2, B:B, "1", D:D, "1", C:C, "A") -> 9543.6 | BH2: =SUMIFS(G:G, A:A, AT2, B:B, "1", D:D, "2", C:C, "A") -> 6007.2 | BI2: =SUMIFS(G:G, A:A, AT2, B:B, "1", D:D, "3", C:C, "A") -> 0 | BJ2: =SUM('Historical Orders'!$BG2:$BI2) -> 15550.8 | BL2: =SUMIFS(G:G, A:A, AT2, B:B, "1", D:D, "1", C:C, "B") -> 0 | BM2: =SUMIFS(G:G, A:A, AT2, B:B, "1", D:D, "2", C:C, "B") -> 0 | BN2: =SUMIFS(G:G, A:A, AT2, B:B, "1", D:D, "3", C:C, "B") -> 15687 | BO2: =SUM('Historical Orders'!$BL2:$BN2) -> 15687 | BQ2: =SUMIFS(G:G, A:A, AT2, B:B, "2", D:D, "1", C:C, "A") -> 7920 | BR2: =SUMIFS(G:G, A:A, AT2, B:B, "2", D:D, "2", C:C, "A") -> 6207.6 | BS2: =SUMIFS(G:G, A:A, AT2, B:B, "2", D:D, "3", C:C, "A") -> 0 | BT2: =SUM('Historical Orders'!$BQ2:$BS2) -> 14127.6 | BV2: =SUMIFS(G:G, A:A, AT2, B:B, "2", D:D, "1", C:C, "B") -> 0 | BW2: =SUMIFS(G:G, A:A, AT2, B:B, "2", D:D, "2", C:C, "B") -> 0 | BX2: =SUMIFS(G:G, A:A, AT2, B:B, "2", D:D, "3", C:C, "B") -> 21048.8 | BY2: =SUM('Historical Orders'!$BV2:$BX2) -> 21048.8 | CA2: =COUNTIFS(A:A, AT2, B:B, "1") -> 3 | CB2: =COUNTIFS(A:A, AT2, B:B, "2") -> 3 | CC2: =COUNTIFS(A:A, AT2, C:C, "A") -> 4 | CD2: =COUNTIFS(A:A, AT2, C:C, "B") -> 2 | CE2: =COUNTIFS(A:A, AT2, D:D, "1") -> 2 | CF2: =COUNTIFS(A:A, AT2, D:D, "2") -> 2 | CG2: =COUNTIFS(A:A, AT2, D:D, "3") -> 2
A3: 41855 | B3: 1 | C3: A | D3: 2 | E3: 5006 | F3: 1.2 | G3: 6007.2 | H3: =SUMIFS('Historical Orders'!$E3, 'Historical Orders'!$D3, "1", 'Historical Orders'!$C3, "A", 'Historical Orders'!$B3, "1") -> 0 | I3: =SUMIFS('Historical Orders'!$G3, 'Historical Orders'!$D3, "1", 'Historical Orders'!$C3, "A", 'Historical Orders'!$B3, "1") -> 0 | J3: =SUMIFS('Historical Orders'!$E3, 'Historical Orders'!$D3, "1", 'Historical Orders'!$C3, "B", 'Historical Orders'!$B3, "1") -> 0 | K3: =SUMIFS('Historical Orders'!$G3, 'Historical Orders'!$D3, "1", 'Historical Orders'!$C3, "B", 'Historical Orders'!$B3, "1") -> 0 | L3: =SUMIFS('Historical Orders'!$E3, 'Historical Orders'!$D3, "1", 'Historical Orders'!$C3, "A", 'Historical Orders'!$B3, "2") -> 0 | M3: =SUMIFS('Historical Orders'!$G3, 'Historical Orders'!$D3, "1", 'Historical Orders'!$C3, "A", 'Historical Orders'!$B3, "2") -> 0 | N3: =SUMIFS('Historical Orders'!$E3, 'Historical Orders'!$D3, "1", 'Historical Orders'!$C3, "B", 'Historical Orders'!$B3, "2") -> 0 | O3: =SUMIFS('Historical Orders'!$G3, 'Historical Orders'!$D3, "1", 'Historical Orders'!$C3, "B", 'Historical Orders'!$B3, "2") -> 0 | P3: =SUMIFS('Historical Orders'!$E3, 'Historical Orders'!$D3, "2", 'Historical Orders'!$C3, "A", 'Historical Orders'!$B3, "1") -> 5006 | Q3: =SUMIFS('Historical Orders'!$G3, 'Historical Orders'!$D3, "2", 'Historical Orders'!$C3, "A", 'Historical Orders'!$B3, "1") -> 6007.2 | R3: =SUMIFS('Historical Orders'!$E3, 'Historical Orders'!$D3, "2", 'Historical Orders'!$C3, "B", 'Historical Orders'!$B3, "1") -> 0 | S3: =SUMIFS('Historical Orders'!$G3, 'Historical Orders'!$D3, "2", 'Historical Orders'!$C3, "B", 'Historical Orders'!$B3, "1") -> 0 | T3: =SUMIFS('Historical Orders'!$E3, 'Historical Orders'!$D3, "2", 'Historical Orders'!$C3, "A", 'Historical Orders'!$B3, "2") -> 0 | U3: =SUMIFS('Historical Orders'!$G3, 'Historical Orders'!$D3, "2", 'Historical Orders'!$C3, "A", 'Historical Orders'!$B3, "2") -> 0 | V3: =SUMIFS('Historical Orders'!$E3, 'Historical Orders'!$D3, "2", 'Historical Orders'!$C3, "B", 'Historical Orders'!$B3, "2") -> 0 | W3: =SUMIFS('Historical Orders'!$G3, 'Historical Orders'!$D3, "2", 'Historical Orders'!$C3, "B", 'Historical Orders'!$B3, "2") -> 0 | X3: =SUMIFS('Historical Orders'!$E3, 'Historical Orders'!$D3, "3", 'Historical Orders'!$C3, "A", 'Historical Orders'!$B3, "1") -> 0 | Y3: =SUMIFS('Historical Orders'!$G3, 'Historical Orders'!$D3, "3", 'Historical Orders'!$C3, "A", 'Historical Orders'!$B3, "1") -> 0 | Z3: =SUMIFS('Historical Orders'!$E3, 'Historical Orders'!$D3, "3", 'Historical Orders'!$C3, "B", 'Historical Orders'!$B3, "1") -> 0 | AA3: =SUMIFS('Historical Orders'!$G3, 'Historical Orders'!$D3, "3", 'Historical Orders'!$C3, "B", 'Historical Orders'!$B3, "1") -> 0 | AB3: =SUMIFS('Historical Orders'!$E3, 'Historical Orders'!$D3, "3", 'Historical Orders'!$C3, "A", 'Historical Orders'!$B3, "2") -> 0 | AC3: =SUMIFS('Historical Orders'!$G3, 'Historical Orders'!$D3, "3", 'Historical Orders'!$C3, "A", 'Historical Orders'!$B3, "2") -> 0 | AD3: =SUMIFS('Historical Orders'!$E3, 'Historical Orders'!$D3, "3", 'Historical Orders'!$C3, "B", 'Historical Orders'!$B3, "2") -> 0 | AE3: =SUMIFS('Historical Orders'!$G3, 'Historical Orders'!$D3, "3", 'Historical Orders'!$C3, "B", 'Historical Orders'!$B3, "2") -> 0 | AF3: =SUMIFS('Historical Orders'!$E3, 'Historical Orders'!$D3, "4", 'Historical Orders'!$C3, "A", 'Historical Orders'!$B3, "1") -> 0 | AG3: =SUMIFS('Historical Orders'!$G3, 'Historical Orders'!$D3, "4", 'Historical Orders'!$C3, "A", 'Historical Orders'!$B3, "1") -> 0 | AH3: =SUMIFS('Historical Orders'!$E3, 'Historical Orders'!$D3, "4", 'Historical Orders'!$C3, "B", 'Historical Orders'!$B3, "1") -> 0 | AI3: =SUMIFS('Historical Orders'!$G3, 'Historical Orders'!$D3, "4", 'Historical Orders'!$C3, "B", 'Historical Orders'!$B3, "1") -> 0 | AJ3: =SUMIFS('Historical Orders'!$E3, 'Historical Orders'!$D3, "4", 'Historical Orders'!$C3, "A", 'Historical Orders'!$B3, "2") -> 0 | AK3: =SUMIFS('Historical Orders'!$G3, 'Historical Orders'!$D3, "4", 'Historical Orders'!$C3, "A", 'Historical Orders'!$B3, "2") -> 0 | AL3: =SUMIFS('Historical Orders'!$E3, 'Historical Orders'!$D3, "4", 'Historical Orders'!$C3, "B", 'Historical Orders'!$B3, "2") -> 0 | AM3: =SUMIFS('Historical Orders'!$G3, 'Historical Orders'!$D3, "4", 'Historical Orders'!$C3, "B", 'Historical Orders'!$B3, "2") -> 0 | AN3: =SUMIFS('Historical Orders'!$G3, 'Historical Orders'!$C3, "A", 'Historical Orders'!$B3, "1") -> 6007.2 | AO3: =SUMIFS('Historical Orders'!$G3, 'Historical Orders'!$C3, "B", 'Historical Orders'!$B3, "1") -> 0 | AP3: =SUMIFS('Historical Orders'!$G3, 'Historical Orders'!$C3, "A", 'Historical Orders'!$B3, "2") -> 0 | AQ3: =SUMIFS('Historical Orders'!$G3, 'Historical Orders'!$C3, "B", 'Historical Orders'!$B3, "2") -> 0 | AT3: 41862 | AV3: =AT3 -> 41862 | AW3: =SUMIFS(E:E, A:A, AT3) -> 22097 | AX3: =SUMIFS(E:E, A:A, AT3, B:B, "1") -> 11799 | AY3: =SUMIFS(E:E, A:A, AT3, B:B, "2") -> 10298 | AZ3: =SUMIFS(E:E, A:A, AT3, C:C, "A") -> 18343 | BA3: =SUMIFS(E:E, A:A, AT3, C:C, "B") -> 3754 | BC3: =SUMIFS(G:G, A:A, AT3) -> 61001.8 | BD3: =SUMIFS(G:G, A:A, AT3, B:B, "1") -> 31096.6 | BE3: =SUMIFS(G:G, A:A, AT3, B:B, "2") -> 29905.2 | BG3: =SUMIFS(G:G, A:A, AT3, B:B, "1", D:D, "1", C:C, "A") -> 10115.6 | BH3: =SUMIFS(G:G, A:A, AT3, B:B, "1", D:D, "2", C:C, "A") -> 6555.6 | BI3: =SUMIFS(G:G, A:A, AT3, B:B, "1", D:D, "3", C:C, "A") -> 0 | BJ3: =SUM('Historical Orders'!$BG3:$BI3) -> 16671.2 | BL3: =SUMIFS(G:G, A:A, AT3, B:B, "1", D:D, "1", C:C, "B") -> 0 | BM3: =SUMIFS(G:G, A:A, AT3, B:B, "1", D:D, "2", C:C, "B") -> 0 | BN3: =SUMIFS(G:G, A:A, AT3, B:B, "1", D:D, "3", C:C, "B") -> 14425.4 | BO3: =SUM('Historical Orders'!$BL3:$BN3) -> 14425.4 | BQ3: =SUMIFS(G:G, A:A, AT3, B:B, "2", D:D, "1", C:C, "A") -> 7114.8 | BR3: =SUMIFS(G:G, A:A, AT3, B:B, "2", D:D, "2", C:C, "A") -> 6057.6 | BS3: =SUMIFS(G:G, A:A, AT3, B:B, "2", D:D, "3", C:C, "A") -> 0 | BT3: =SUM('Historical Orders'!$BQ3:$BS3) -> 13172.4 | BV3: =SUMIFS(G:G, A:A, AT3, B:B, "2", D:D, "1", C:C, "B") -> 0 | BW3: =SUMIFS(G:G, A:A, AT3, B:B, "2", D:D, "2", C:C, "B") -> 0 | BX3: =SUMIFS(G:G, A:A, AT3, B:B, "2", D:D, "3", C:C, "B") -> 16732.8 | BY3: =SUM('Historical Orders'!$BV3:$BX3) -> 16732.8 | CA3: =COUNTIFS(A:A, AT3, B:B, "1") -> 3 | CB3: =COUNTIFS(A:A, AT3, B:B, "2") -> 3 | CC3: =COUNTIFS(A:A, AT3, C:C, "A") -> 4 | CD3: =COUNTIFS(A:A, AT3, C:C, "B") -> 2 | CE3: =COUNTIFS(A:A, AT3, D:D, "1") -> 2 | CF3: =COUNTIFS(A:A, AT3, D:D, "2") -> 2 | CG3: =COUNTIFS(A:A, AT3, D:D, "3") -> 2
A4: 41855 | B4: 2 | C4: A | D4: 1 | E4: 3600 | F4: 2.2 | G4: 7920 | H4: =SUMIFS('Historical Orders'!$E4, 'Historical Orders'!$D4, "1", 'Historical Orders'!$C4, "A", 'Historical Orders'!$B4, "1") -> 0 | I4: =SUMIFS('Historical Orders'!$G4, 'Historical Orders'!$D4, "1", 'Historical Orders'!$C4, "A", 'Historical Orders'!$B4, "1") -> 0 | J4: =SUMIFS('Historical Orders'!$E4, 'Historical Orders'!$D4, "1", 'Historical Orders'!$C4, "B", 'Historical Orders'!$B4, "1") -> 0 | K4: =SUMIFS('Historical Orders'!$G4, 'Historical Orders'!$D4, "1", 'Historical Orders'!$C4, "B", 'Historical Orders'!$B4, "1") -> 0 | L4: =SUMIFS('Historical Orders'!$E4, 'Historical Orders'!$D4, "1", 'Historical Orders'!$C4, "A", 'Historical Orders'!$B4, "2") -> 3600 | M4: =SUMIFS('Historical Orders'!$G4, 'Historical Orders'!$D4, "1", 'Historical Orders'!$C4, "A", 'Historical Orders'!$B4, "2") -> 7920 | N4: =SUMIFS('Historical Orders'!$E4, 'Historical Orders'!$D4, "1", 'Historical Orders'!$C4, "B", 'Historical Orders'!$B4, "2") -> 0 | O4: =SUMIFS('Historical Orders'!$G4, 'Historical Orders'!$D4, "1", 'Historical Orders'!$C4, "B", 'Historical Orders'!$B4, "2") -> 0 | P4: =SUMIFS('Historical Orders'!$E4, 'Historical Orders'!$D4, "2", 'Historical Orders'!$C4, "A", 'Historical Orders'!$B4, "1") -> 0 | Q4: =SUMIFS('Historical Orders'!$G4, 'Historical Orders'!$D4, "2", 'Historical Orders'!$C4, "A", 'Historical Orders'!$B4, "1") -> 0 | R4: =SUMIFS('Historical Orders'!$E4, 'Historical Orders'!$D4, "2", 'Historical Orders'!$C4, "B", 'Historical Orders'!$B4, "1") -> 0 | S4: =SUMIFS('Historical Orders'!$G4, 'Historical Orders'!$D4, "2", 'Historical Orders'!$C4, "B", 'Historical Orders'!$B4, "1") -> 0 | T4: =SUMIFS('Historical Orders'!$E4, 'Historical Orders'!$D4, "2", 'Historical Orders'!$C4, "A", 'Historical Orders'!$B4, "2") -> 0 | U4: =SUMIFS('Historical Orders'!$G4, 'Historical Orders'!$D4, "2", 'Historical Orders'!$C4, "A", 'Historical Orders'!$B4, "2") -> 0 | V4: =SUMIFS('Historical Orders'!$E4, 'Historical Orders'!$D4, "2", 'Historical Orders'!$C4, "B", 'Historical Orders'!$B4, "2") -> 0 | W4: =SUMIFS('Historical Orders'!$G4, 'Historical Orders'!$D4, "2", 'Historical Orders'!$C4, "B", 'Historical Orders'!$B4, "2") -> 0 | X4: =SUMIFS('Historical Orders'!$E4, 'Historical Orders'!$D4, "3", 'Historical Orders'!$C4, "A", 'Historical Orders'!$B4, "1") -> 0 | Y4: =SUMIFS('Historical Orders'!$G4, 'Historical Orders'!$D4, "3", 'Historical Orders'!$C4, "A", 'Historical Orders'!$B4, "1") -> 0 | Z4: =SUMIFS('Historical Orders'!$E4, 'Historical Orders'!$D4, "3", 'Historical Orders'!$C4, "B", 'Historical Orders'!$B4, "1") -> 0 | AA4: =SUMIFS('Historical Orders'!$G4, 'Historical Orders'!$D4, "3", 'Historical Orders'!$C4, "B", 'Historical Orders'!$B4, "1") -> 0 | AB4: =SUMIFS('Historical Orders'!$E4, 'Historical Orders'!$D4, "3", 'Historical Orders'!$C4, "A", 'Historical Orders'!$B4, "2") -> 0 | AC4: =SUMIFS('Historical Orders'!$G4, 'Historical Orders'!$D4, "3", 'Historical Orders'!$C4, "A", 'Historical Orders'!$B4, "2") -> 0 | AD4: =SUMIFS('Historical Orders'!$E4, 'Historical Orders'!$D4, "3", 'Historical Orders'!$C4, "B", 'Historical Orders'!$B4, "2") -> 0 | AE4: =SUMIFS('Historical Orders'!$G4, 'Historical Orders'!$D4, "3", 'Historical Orders'!$C4, "B", 'Historical Orders'!$B4, "2") -> 0 | AF4: =SUMIFS('Historical Orders'!$E4, 'Historical Orders'!$D4, "4", 'Historical Orders'!$C4, "A", 'Historical Orders'!$B4, "1") -> 0 | AG4: =SUMIFS('Historical Orders'!$G4, 'Historical Orders'!$D4, "4", 'Historical Orders'!$C4, "A", 'Historical Orders'!$B4, "1") -> 0 | AH4: =SUMIFS('Historical Orders'!$E4, 'Historical Orders'!$D4, "4", 'Historical Orders'!$C4, "B", 'Historical Orders'!$B4, "1") -> 0 | AI4: =SUMIFS('Historical Orders'!$G4, 'Historical Orders'!$D4, "4", 'Historical Orders'!$C4, "B", 'Historical Orders'!$B4, "1") -> 0 | AJ4: =SUMIFS('Historical Orders'!$E4, 'Historical Orders'!$D4, "4", 'Historical Orders'!$C4, "A", 'Historical Orders'!$B4, "2") -> 0 | AK4: =SUMIFS('Historical Orders'!$G4, 'Historical Orders'!$D4, "4", 'Historical Orders'!$C4, "A", 'Historical Orders'!$B4, "2") -> 0 | AL4: =SUMIFS('Historical Orders'!$E4, 'Historical Orders'!$D4, "4", 'Historical Orders'!$C4, "B", 'Historical Orders'!$B4, "2") -> 0 | AM4: =SUMIFS('Historical Orders'!$G4, 'Historical Orders'!$D4, "4", 'Historical Orders'!$C4, "B", 'Historical Orders'!$B4, "2") -> 0 | AN4: =SUMIFS('Historical Orders'!$G4, 'Historical Orders'!$C4, "A", 'Historical Orders'!$B4, "1") -> 0 | AO4: =SUMIFS('Historical Orders'!$G4, 'Historical Orders'!$C4, "B", 'Historical Orders'!$B4, "1") -> 0 | AP4: =SUMIFS('Historical Orders'!$G4, 'Historical Orders'!$C4, "A", 'Historical Orders'!$B4, "2") -> 7920 | AQ4: =SUMIFS('Historical Orders'!$G4, 'Historical Orders'!$C4, "B", 'Historical Orders'!$B4, "2") -> 0 | AT4: 41869 | AV4: =AT4 -> 41869 | AW4: =SUMIFS(E:E, A:A, AT4) -> 21300 | AX4: =SUMIFS(E:E, A:A, AT4, B:B, "1") -> 11392 | AY4: =SUMIFS(E:E, A:A, AT4, B:B, "2") -> 9908 | AZ4: =SUMIFS(E:E, A:A, AT4, C:C, "A") -> 17141 | BA4: =SUMIFS(E:E, A:A, AT4, C:C, "B") -> 4159 | BC4: =SUMIFS(G:G, A:A, AT4) -> 61979.9 | BD4: =SUMIFS(G:G, A:A, AT4, B:B, "1") -> 30590.6 | BE4: =SUMIFS(G:G, A:A, AT4, B:B, "2") -> 31389.3 | BG4: =SUMIFS(G:G, A:A, AT4, B:B, "1", D:D, "1", C:C, "A") -> 9389.6 | BH4: =SUMIFS(G:G, A:A, AT4, B:B, "1", D:D, "2", C:C, "A") -> 6410.4 | BI4: =SUMIFS(G:G, A:A, AT4, B:B, "1", D:D, "3", C:C, "A") -> 0 | BJ4: =SUM('Historical Orders'!$BG4:$BI4) -> 15800 | BL4: =SUMIFS(G:G, A:A, AT4, B:B, "1", D:D, "1", C:C, "B") -> 0 | BM4: =SUMIFS(G:G, A:A, AT4, B:B, "1", D:D, "2", C:C, "B") -> 0 | BN4: =SUMIFS(G:G, A:A, AT4, B:B, "1", D:D, "3", C:C, "B") -> 14790.6 | BO4: =SUM('Historical Orders'!$BL4:$BN4) -> 14790.6 | BQ4: =SUMIFS(G:G, A:A, AT4, B:B, "2", D:D, "1", C:C, "A") -> 5770.6 | BR4: =SUMIFS(G:G, A:A, AT4, B:B, "2", D:D, "2", C:C, "A") -> 5889.6 | BS4: =SUMIFS(G:G, A:A, AT4, B:B, "2", D:D, "3", C:C, "A") -> 0 | BT4: =SUM('Historical Orders'!$BQ4:$BS4) -> 11660.2 | BV4: =SUMIFS(G:G, A:A, AT4, B:B, "2", D:D, "1", C:C, "B") -> 0 | BW4: =SUMIFS(G:G, A:A, AT4, B:B, "2", D:D, "2", C:C, "B") -> 0 | BX4: =SUMIFS(G:G, A:A, AT4, B:B, "2", D:D, "3", C:C, "B") -> 19729.1 | BY4: =SUM('Historical Orders'!$BV4:$BX4) -> 19729.1 | CA4: =COUNTIFS(A:A, AT4, B:B, "1") -> 3 | CB4: =COUNTIFS(A:A, AT4, B:B, "2") -> 3 | CC4: =COUNTIFS(A:A, AT4, C:C, "A") -> 4 | CD4: =COUNTIFS(A:A, AT4, C:C, "B") -> 2 | CE4: =COUNTIFS(A:A, AT4, D:D, "1") -> 2 | CF4: =COUNTIFS(A:A, AT4, D:D, "2") -> 2 | CG4: =COUNTIFS(A:A, AT4, D:D, "3") -> 2
A5: 41855 | B5: 2 | C5: A | D5: 2 | E5: 5173 | F5: 1.2 | G5: 6207.6 | H5: =SUMIFS('Historical Orders'!$E5, 'Historical Orders'!$D5, "1", 'Historical Orders'!$C5, "A", 'Historical Orders'!$B5, "1") -> 0 | I5: =SUMIFS('Historical Orders'!$G5, 'Historical Orders'!$D5, "1", 'Historical Orders'!$C5, "A", 'Historical Orders'!$B5, "1") -> 0 | J5: =SUMIFS('Historical Orders'!$E5, 'Historical Orders'!$D5, "1", 'Historical Orders'!$C5, "B", 'Historical Orders'!$B5, "1") -> 0 | K5: =SUMIFS('Historical Orders'!$G5, 'Historical Orders'!$D5, "1", 'Historical Orders'!$C5, "B", 'Historical Orders'!$B5, "1") -> 0 | L5: =SUMIFS('Historical Orders'!$E5, 'Historical Orders'!$D5, "1", 'Historical Orders'!$C5, "A", 'Historical Orders'!$B5, "2") -> 0 | M5: =SUMIFS('Historical Orders'!$G5, 'Historical Orders'!$D5, "1", 'Historical Orders'!$C5, "A", 'Historical Orders'!$B5, "2") -> 0 | N5: =SUMIFS('Historical Orders'!$E5, 'Historical Orders'!$D5, "1", 'Historical Orders'!$C5, "B", 'Historical Orders'!$B5, "2") -> 0 | O5: =SUMIFS('Historical Orders'!$G5, 'Historical Orders'!$D5, "1", 'Historical Orders'!$C5, "B", 'Historical Orders'!$B5, "2") -> 0 | P5: =SUMIFS('Historical Orders'!$E5, 'Historical Orders'!$D5, "2", 'Historical Orders'!$C5, "A", 'Historical Orders'!$B5, "1") -> 0 | Q5: =SUMIFS('Historical Orders'!$G5, 'Historical Orders'!$D5, "2", 'Historical Orders'!$C5, "A", 'Historical Orders'!$B5, "1") -> 0 | R5: =SUMIFS('Historical Orders'!$E5, 'Historical Orders'!$D5, "2", 'Historical Orders'!$C5, "B", 'Historical Orders'!$B5, "1") -> 0 | S5: =SUMIFS('Historical Orders'!$G5, 'Historical Orders'!$D5, "2", 'Historical Orders'!$C5, "B", 'Historical Orders'!$B5, "1") -> 0 | T5: =SUMIFS('Historical Orders'!$E5, 'Historical Orders'!$D5, "2", 'Historical Orders'!$C5, "A", 'Historical Orders'!$B5, "2") -> 5173 | U5: =SUMIFS('Historical Orders'!$G5, 'Historical Orders'!$D5, "2", 'Historical Orders'!$C5, "A", 'Historical Orders'!$B5, "2") -> 6207.6 | V5: =SUMIFS('Historical Orders'!$E5, 'Historical Orders'!$D5, "2", 'Historical Orders'!$C5, "B", 'Historical Orders'!$B5, "2") -> 0 | W5: =SUMIFS('Historical Orders'!$G5, 'Historical Orders'!$D5, "2", 'Historical Orders'!$C5, "B", 'Historical Orders'!$B5, "2") -> 0 | X5: =SUMIFS('Historical Orders'!$E5, 'Historical Orders'!$D5, "3", 'Historical Orders'!$C5, "A", 'Historical Orders'!$B5, "1") -> 0 | Y5: =SUMIFS('Historical Orders'!$G5, 'Historical Orders'!$D5, "3", 'Historical Orders'!$C5, "A", 'Historical Orders'!$B5, "1") -> 0 | Z5: =SUMIFS('Historical Orders'!$E5, 'Historical Orders'!$D5, "3", 'Historical Orders'!$C5, "B", 'Historical Orders'!$B5, "1") -> 0 | AA5: =SUMIFS('Historical Orders'!$G5, 'Historical Orders'!$D5, "3", 'Historical Orders'!$C5, "B", 'Historical Orders'!$B5, "1") -> 0 | AB5: =SUMIFS('Historical Orders'!$E5, 'Historical Orders'!$D5, "3", 'Historical Orders'!$C5, "A", 'Historical Orders'!$B5, "2") -> 0 | AC5: =SUMIFS('Historical Orders'!$G5, 'Historical Orders'!$D5, "3", 'Historical Orders'!$C5, "A", 'Historical Orders'!$B5, "2") -> 0 | AD5: =SUMIFS('Historical Orders'!$E5, 'Historical Orders'!$D5, "3", 'Historical Orders'!$C5, "B", 'Historical Orders'!$B5, "2") -> 0 | AE5: =SUMIFS('Historical Orders'!$G5, 'Historical Orders'!$D5, "3", 'Historical Orders'!$C5, "B", 'Historical Orders'!$B5, "2") -> 0 | AF5: =SUMIFS('Historical Orders'!$E5, 'Historical Orders'!$D5, "4", 'Historical Orders'!$C5, "A", 'Historical Orders'!$B5, "1") -> 0 | AG5: =SUMIFS('Historical Orders'!$G5, 'Historical Orders'!$D5, "4", 'Historical Orders'!$C5, "A", 'Historical Orders'!$B5, "1") -> 0 | AH5: =SUMIFS('Historical Orders'!$E5, 'Historical Orders'!$D5, "4", 'Historical Orders'!$C5, "B", 'Historical Orders'!$B5, "1") -> 0 | AI5: =SUMIFS('Historical Orders'!$G5, 'Historical Orders'!$D5, "4", 'Historical Orders'!$C5, "B", 'Historical Orders'!$B5, "1") -> 0 | AJ5: =SUMIFS('Historical Orders'!$E5, 'Historical Orders'!$D5, "4", 'Historical Orders'!$C5, "A", 'Historical Orders'!$B5, "2") -> 0 | AK5: =SUMIFS('Historical Orders'!$G5, 'Historical Orders'!$D5, "4", 'Historical Orders'!$C5, "A", 'Historical Orders'!$B5, "2") -> 0 | AL5: =SUMIFS('Historical Orders'!$E5, 'Historical Orders'!$D5, "4", 'Historical Orders'!$C5, "B", 'Historical Orders'!$B5, "2") -> 0 | AM5: =SUMIFS('Historical Orders'!$G5, 'Historical Orders'!$D5, "4", 'Historical Orders'!$C5, "B", 'Historical Orders'!$B5, "2") -> 0 | AN5: =SUMIFS('Historical Orders'!$G5, 'Historical Orders'!$C5, "A", 'Historical Orders'!$B5, "1") -> 0 | AO5: =SUMIFS('Historical Orders'!$G5, 'Historical Orders'!$C5, "B", 'Historical Orders'!$B5, "1") -> 0 | AP5: =SUMIFS('Historical Orders'!$G5, 'Historical Orders'!$C5, "A", 'Historical Orders'!$B5, "2") -> 6207.6 | AQ5: =SUMIFS('Historical Orders'!$G5, 'Historical Orders'!$C5, "B", 'Historical Orders'!$B5, "2") -> 0 | AT5: 41876 | AV5: =AT5 -> 41876 | AW5: =SUMIFS(E:E, A:A, AT5) -> 23334 | AX5: =SUMIFS(E:E, A:A, AT5, B:B, "1") -> 12071 | AY5: =SUMIFS(E:E, A:A, AT5, B:B, "2") -> 11263 | AZ5: =SUMIFS(E:E, A:A, AT5, C:C, "A") -> 17374 | BA5: =SUMIFS(E:E, A:A, AT5, C:C, "B") -> 5960 | BC5: =SUMIFS(G:G, A:A, AT5) -> 75671.8 | BD5: =SUMIFS(G:G, A:A, AT5, B:B, "1") -> 35709.5 | BE5: =SUMIFS(G:G, A:A, AT5, B:B, "2") -> 39962.3 | BG5: =SUMIFS(G:G, A:A, AT5, B:B, "1", D:D, "1", C:C, "A") -> 7596.6 | BH5: =SUMIFS(G:G, A:A, AT5, B:B, "1", D:D, "2", C:C, "A") -> 7338 | BI5: =SUMIFS(G:G, A:A, AT5, B:B, "1", D:D, "3", C:C, "A") -> 0 | BJ5: =SUM('Historical Orders'!$BG5:$BI5) -> 14934.6 | BL5: =SUMIFS(G:G, A:A, AT5, B:B, "1", D:D, "1", C:C, "B") -> 0 | BM5: =SUMIFS(G:G, A:A, AT5, B:B, "1", D:D, "2", C:C, "B") -> 0 | BN5: =SUMIFS(G:G, A:A, AT5, B:B, "1", D:D, "3", C:C, "B") -> 20774.9 | BO5: =SUM('Historical Orders'!$BL5:$BN5) -> 20774.9 | BQ5: =SUMIFS(G:G, A:A, AT5, B:B, "2", D:D, "1", C:C, "A") -> 4184.4 | BR5: =SUMIFS(G:G, A:A, AT5, B:B, "2", D:D, "2", C:C, "A") -> 7084.8 | BS5: =SUMIFS(G:G, A:A, AT5, B:B, "2", D:D, "3", C:C, "A") -> 0 | BT5: =SUM('Historical Orders'!$BQ5:$BS5) -> 11269.2 | BV5: =SUMIFS(G:G, A:A, AT5, B:B, "2", D:D, "1", C:C, "B") -> 0 | BW5: =SUMIFS(G:G, A:A, AT5, B:B, "2", D:D, "2", C:C, "B") -> 0 | BX5: =SUMIFS(G:G, A:A, AT5, B:B, "2", D:D, "3", C:C, "B") -> 28693.1 | BY5: =SUM('Historical Orders'!$BV5:$BX5) -> 28693.1 | CA5: =COUNTIFS(A:A, AT5, B:B, "1") -> 3 | CB5: =COUNTIFS(A:A, AT5, B:B, "2") -> 3 | CC5: =COUNTIFS(A:A, AT5, C:C, "A") -> 4 | CD5: =COUNTIFS(A:A, AT5, C:C, "B") -> 2 | CE5: =COUNTIFS(A:A, AT5, D:D, "1") -> 2 | CF5: =COUNTIFS(A:A, AT5, D:D, "2") -> 2 | CG5: =COUNTIFS(A:A, AT5, D:D, "3") -> 2
A6: 41855 | B6: 1 | C6: B | D6: 3 | E6: 1890 | F6: 8.3 | G6: 15687 | H6: =SUMIFS('Historical Orders'!$E6, 'Historical Orders'!$D6, "1", 'Historical Orders'!$C6, "A", 'Historical Orders'!$B6, "1") -> 0 | I6: =SUMIFS('Historical Orders'!$G6, 'Historical Orders'!$D6, "1", 'Historical Orders'!$C6, "A", 'Historical Orders'!$B6, "1") -> 0 | J6: =SUMIFS('Historical Orders'!$E6, 'Historical Orders'!$D6, "1", 'Historical Orders'!$C6, "B", 'Historical Orders'!$B6, "1") -> 0 | K6: =SUMIFS('Historical Orders'!$G6, 'Historical Orders'!$D6, "1", 'Historical Orders'!$C6, "B", 'Historical Orders'!$B6, "1") -> 0 | L6: =SUMIFS('Historical Orders'!$E6, 'Historical Orders'!$D6, "1", 'Historical Orders'!$C6, "A", 'Historical Orders'!$B6, "2") -> 0 | M6: =SUMIFS('Historical Orders'!$G6, 'Historical Orders'!$D6, "1", 'Historical Orders'!$C6, "A", 'Historical Orders'!$B6, "2") -> 0 | N6: =SUMIFS('Historical Orders'!$E6, 'Historical Orders'!$D6, "1", 'Historical Orders'!$C6, "B", 'Historical Orders'!$B6, "2") -> 0 | O6: =SUMIFS('Historical Orders'!$G6, 'Historical Orders'!$D6, "1", 'Historical Orders'!$C6, "B", 'Historical Orders'!$B6, "2") -> 0 | P6: =SUMIFS('Historical Orders'!$E6, 'Historical Orders'!$D6, "2", 'Historical Orders'!$C6, "A", 'Historical Orders'!$B6, "1") -> 0 | Q6: =SUMIFS('Historical Orders'!$G6, 'Historical Orders'!$D6, "2", 'Historical Orders'!$C6, "A", 'Historical Orders'!$B6, "1") -> 0 | R6: =SUMIFS('Historical Orders'!$E6, 'Historical Orders'!$D6, "2", 'Historical Orders'!$C6, "B", 'Historical Orders'!$B6, "1") -> 0 | S6: =SUMIFS('Historical Orders'!$G6, 'Historical Orders'!$D6, "2", 'Historical Orders'!$C6, "B", 'Historical Orders'!$B6, "1") -> 0 | T6: =SUMIFS('Historical Orders'!$E6, 'Historical Orders'!$D6, "2", 'Historical Orders'!$C6, "A", 'Historical Orders'!$B6, "2") -> 0 | U6: =SUMIFS('Historical Orders'!$G6, 'Historical Orders'!$D6, "2", 'Historical Orders'!$C6, "A", 'Historical Orders'!$B6, "2") -> 0 | V6: =SUMIFS('Historical Orders'!$E6, 'Historical Orders'!$D6, "2", 'Historical Orders'!$C6, "B", 'Historical Orders'!$B6, "2") -> 0 | W6: =SUMIFS('Historical Orders'!$G6, 'Historical Orders'!$D6, "2", 'Historical Orders'!$C6, "B", 'Historical Orders'!$B6, "2") -> 0 | X6: =SUMIFS('Historical Orders'!$E6, 'Historical Orders'!$D6, "3", 'Historical Orders'!$C6, "A", 'Historical Orders'!$B6, "1") -> 0 | Y6: =SUMIFS('Historical Orders'!$G6, 'Historical Orders'!$D6, "3", 'Historical Orders'!$C6, "A", 'Historical Orders'!$B6, "1") -> 0 | Z6: =SUMIFS('Historical Orders'!$E6, 'Historical Orders'!$D6, "3", 'Historical Orders'!$C6, "B", 'Historical Orders'!$B6, "1") -> 1890 | AA6: =SUMIFS('Historical Orders'!$G6, 'Historical Orders'!$D6, "3", 'Historical Orders'!$C6, "B", 'Historical Orders'!$B6, "1") -> 15687 | AB6: =SUMIFS('Historical Orders'!$E6, 'Historical Orders'!$D6, "3", 'Historical Orders'!$C6, "A", 'Historical Orders'!$B6, "2") -> 0 | AC6: =SUMIFS('Historical Orders'!$G6, 'Historical Orders'!$D6, "3", 'Historical Orders'!$C6, "A", 'Historical Orders'!$B6, "2") -> 0 | AD6: =SUMIFS('Historical Orders'!$E6, 'Historical Orders'!$D6, "3", 'Historical Orders'!$C6, "B", 'Historical Orders'!$B6, "2") -> 0 | AE6: =SUMIFS('Historical Orders'!$G6, 'Historical Orders'!$D6, "3", 'Historical Orders'!$C6, "B", 'Historical Orders'!$B6, "2") -> 0 | AF6: =SUMIFS('Historical Orders'!$E6, 'Historical Orders'!$D6, "4", 'Historical Orders'!$C6, "A", 'Historical Orders'!$B6, "1") -> 0 | AG6: =SUMIFS('Historical Orders'!$G6, 'Historical Orders'!$D6, "4", 'Historical Orders'!$C6, "A", 'Historical Orders'!$B6, "1") -> 0 | AH6: =SUMIFS('Historical Orders'!$E6, 'Historical Orders'!$D6, "4", 'Historical Orders'!$C6, "B", 'Historical Orders'!$B6, "1") -> 0 | AI6: =SUMIFS('Historical Orders'!$G6, 'Historical Orders'!$D6, "4", 'Historical Orders'!$C6, "B", 'Historical Orders'!$B6, "1") -> 0 | AJ6: =SUMIFS('Historical Orders'!$E6, 'Historical Orders'!$D6, "4", 'Historical Orders'!$C6, "A", 'Historical Orders'!$B6, "2") -> 0 | AK6: =SUMIFS('Historical Orders'!$G6, 'Historical Orders'!$D6, "4", 'Historical Orders'!$C6, "A", 'Historical Orders'!$B6, "2") -> 0 | AL6: =SUMIFS('Historical Orders'!$E6, 'Historical Orders'!$D6, "4", 'Historical Orders'!$C6, "B", 'Historical Orders'!$B6, "2") -> 0 | AM6: =SUMIFS('Historical Orders'!$G6, 'Historical Orders'!$D6, "4", 'Historical Orders'!$C6, "B", 'Historical Orders'!$B6, "2") -> 0 | AN6: =SUMIFS('Historical Orders'!$G6, 'Historical Orders'!$C6, "A", 'Historical Orders'!$B6, "1") -> 0 | AO6: =SUMIFS('Historical Orders'!$G6, 'Historical Orders'!$C6, "B", 'Historical Orders'!$B6, "1") -> 15687 | AP6: =SUMIFS('Historical Orders'!$G6, 'Historical Orders'!$C6, "A", 'Historical Orders'!$B6, "2") -> 0 | AQ6: =SUMIFS('Historical Orders'!$G6, 'Historical Orders'!$C6, "B", 'Historical Orders'!$B6, "2") -> 0 | AT6: 41883 | AV6: =AT6 -> 41883 | AW6: =SUMIFS(E:E, A:A, AT6) -> 23492 | AX6: =SUMIFS(E:E, A:A, AT6, B:B, "1") -> 11573 | AY6: =SUMIFS(E:E, A:A, AT6, B:B, "2") -> 11919 | AZ6: =SUMIFS(E:E, A:A, AT6, C:C, "A") -> 19519 | BA6: =SUMIFS(E:E, A:A, AT6, C:C, "B") -> 3973 | BC6: =SUMIFS(G:G, A:A, AT6) -> 62495.7 | BD6: =SUMIFS(G:G, A:A, AT6, B:B, "1") -> 31234.2 | BE6: =SUMIFS(G:G, A:A, AT6, B:B, "2") -> 31261.5 | BG6: =SUMIFS(G:G, A:A, AT6, B:B, "1", D:D, "1", C:C, "A") -> 7766 | BH6: =SUMIFS(G:G, A:A, AT6, B:B, "1", D:D, "2", C:C, "A") -> 7316.4 | BI6: =SUMIFS(G:G, A:A, AT6, B:B, "1", D:D, "3", C:C, "A") -> 0 | BJ6: =SUM('Historical Orders'!$BG6:$BI6) -> 15082.4 | BL6: =SUMIFS(G:G, A:A, AT6, B:B, "1", D:D, "1", C:C, "B") -> 0 | BM6: =SUMIFS(G:G, A:A, AT6, B:B, "1", D:D, "2", C:C, "B") -> 0 | BN6: =SUMIFS(G:G, A:A, AT6, B:B, "1", D:D, "3", C:C, "B") -> 16151.8 | BO6: =SUM('Historical Orders'!$BL6:$BN6) -> 16151.8 | BQ6: =SUMIFS(G:G, A:A, AT6, B:B, "2", D:D, "1", C:C, "A") -> 5647.4 | BR6: =SUMIFS(G:G, A:A, AT6, B:B, "2", D:D, "2", C:C, "A") -> 8790 | BS6: =SUMIFS(G:G, A:A, AT6, B:B, "2", D:D, "3", C:C, "A") -> 0 | BT6: =SUM('Historical Orders'!$BQ6:$BS6) -> 14437.4 | BV6: =SUMIFS(G:G, A:A, AT6, B:B, "2", D:D, "1", C:C, "B") -> 0 | BW6: =SUMIFS(G:G, A:A, AT6, B:B, "2", D:D, "2", C:C, "B") -> 0 | BX6: =SUMIFS(G:G, A:A, AT6, B:B, "2", D:D, "3", C:C, "B") -> 16824.1 | BY6: =SUM('Historical Orders'!$BV6:$BX6) -> 16824.1 | CA6: =COUNTIFS(A:A, AT6, B:B, "1") -> 3 | CB6: =COUNTIFS(A:A, AT6, B:B, "2") -> 3 | CC6: =COUNTIFS(A:A, AT6, C:C, "A") -> 4 | CD6: =COUNTIFS(A:A, AT6, C:C, "B") -> 2 | CE6: =COUNTIFS(A:A, AT6, D:D, "1") -> 2 | CF6: =COUNTIFS(A:A, AT6, D:D, "2") -> 2 | CG6: =COUNTIFS(A:A, AT6, D:D, "3") -> 2
A7: 41855 | B7: 2 | C7: B | D7: 3 | E7: 2536 | F7: 8.3 | G7: 21048.8 | H7: =SUMIFS('Historical Orders'!$E7, 'Historical Orders'!$D7, "1", 'Historical Orders'!$C7, "A", 'Historical Orders'!$B7, "1") -> 0 | I7: =SUMIFS('Historical Orders'!$G7, 'Historical Orders'!$D7, "1", 'Historical Orders'!$C7, "A", 'Historical Orders'!$B7, "1") -> 0 | J7: =SUMIFS('Historical Orders'!$E7, 'Historical Orders'!$D7, "1", 'Historical Orders'!$C7, "B", 'Historical Orders'!$B7, "1") -> 0 | K7: =SUMIFS('Historical Orders'!$G7, 'Historical Orders'!$D7, "1", 'Historical Orders'!$C7, "B", 'Historical Orders'!$B7, "1") -> 0 | L7: =SUMIFS('Historical Orders'!$E7, 'Historical Orders'!$D7, "1", 'Historical Orders'!$C7, "A", 'Historical Orders'!$B7, "2") -> 0 | M7: =SUMIFS('Historical Orders'!$G7, 'Historical Orders'!$D7, "1", 'Historical Orders'!$C7, "A", 'Historical Orders'!$B7, "2") -> 0 | N7: =SUMIFS('Historical Orders'!$E7, 'Historical Orders'!$D7, "1", 'Historical Orders'!$C7, "B", 'Historical Orders'!$B7, "2") -> 0 | O7: =SUMIFS('Historical Orders'!$G7, 'Historical Orders'!$D7, "1", 'Historical Orders'!$C7, "B", 'Historical Orders'!$B7, "2") -> 0 | P7: =SUMIFS('Historical Orders'!$E7, 'Historical Orders'!$D7, "2", 'Historical Orders'!$C7, "A", 'Historical Orders'!$B7, "1") -> 0 | Q7: =SUMIFS('Historical Orders'!$G7, 'Historical Orders'!$D7, "2", 'Historical Orders'!$C7, "A", 'Historical Orders'!$B7, "1") -> 0 | R7: =SUMIFS('Historical Orders'!$E7, 'Historical Orders'!$D7, "2", 'Historical Orders'!$C7, "B", 'Historical Orders'!$B7, "1") -> 0 | S7: =SUMIFS('Historical Orders'!$G7, 'Historical Orders'!$D7, "2", 'Historical Orders'!$C7, "B", 'Historical Orders'!$B7, "1") -> 0 | T7: =SUMIFS('Historical Orders'!$E7, 'Historical Orders'!$D7, "2", 'Historical Orders'!$C7, "A", 'Historical Orders'!$B7, "2") -> 0 | U7: =SUMIFS('Historical Orders'!$G7, 'Historical Orders'!$D7, "2", 'Historical Orders'!$C7, "A", 'Historical Orders'!$B7, "2") -> 0 | V7: =SUMIFS('Historical Orders'!$E7, 'Historical Orders'!$D7, "2", 'Historical Orders'!$C7, "B", 'Historical Orders'!$B7, "2") -> 0 | W7: =SUMIFS('Historical Orders'!$G7, 'Historical Orders'!$D7, "2", 'Historical Orders'!$C7, "B", 'Historical Orders'!$B7, "2") -> 0 | X7: =SUMIFS('Historical Orders'!$E7, 'Historical Orders'!$D7, "3", 'Historical Orders'!$C7, "A", 'Historical Orders'!$B7, "1") -> 0 | Y7: =SUMIFS('Historical Orders'!$G7, 'Historical Orders'!$D7, "3", 'Historical Orders'!$C7, "A", 'Historical Orders'!$B7, "1") -> 0 | Z7: =SUMIFS('Historical Orders'!$E7, 'Historical Orders'!$D7, "3", 'Historical Orders'!$C7, "B", 'Historical Orders'!$B7, "1") -> 0 | AA7: =SUMIFS('Historical Orders'!$G7, 'Historical Orders'!$D7, "3", 'Historical Orders'!$C7, "B", 'Historical Orders'!$B7, "1") -> 0 | AB7: =SUMIFS('Historical Orders'!$E7, 'Historical Orders'!$D7, "3", 'Historical Orders'!$C7, "A", 'Historical Orders'!$B7, "2") -> 0 | AC7: =SUMIFS('Historical Orders'!$G7, 'Historical Orders'!$D7, "3", 'Historical Orders'!$C7, "A", 'Historical Orders'!$B7, "2") -> 0 | AD7: =SUMIFS('Historical Orders'!$E7, 'Historical Orders'!$D7, "3", 'Historical Orders'!$C7, "B", 'Historical Orders'!$B7, "2") -> 2536 | AE7: =SUMIFS('Historical Orders'!$G7, 'Historical Orders'!$D7, "3", 'Historical Orders'!$C7, "B", 'Historical Orders'!$B7, "2") -> 21048.8 | AF7: =SUMIFS('Historical Orders'!$E7, 'Historical Orders'!$D7, "4", 'Historical Orders'!$C7, "A", 'Historical Orders'!$B7, "1") -> 0 | AG7: =SUMIFS('Historical Orders'!$G7, 'Historical Orders'!$D7, "4", 'Historical Orders'!$C7, "A", 'Historical Orders'!$B7, "1") -> 0 | AH7: =SUMIFS('Historical Orders'!$E7, 'Historical Orders'!$D7, "4", 'Historical Orders'!$C7, "B", 'Historical Orders'!$B7, "1") -> 0 | AI7: =SUMIFS('Historical Orders'!$G7, 'Historical Orders'!$D7, "4", 'Historical Orders'!$C7, "B", 'Historical Orders'!$B7, "1") -> 0 | AJ7: =SUMIFS('Historical Orders'!$E7, 'Historical Orders'!$D7, "4", 'Historical Orders'!$C7, "A", 'Historical Orders'!$B7, "2") -> 0 | AK7: =SUMIFS('Historical Orders'!$G7, 'Historical Orders'!$D7, "4", 'Historical Orders'!$C7, "A", 'Historical Orders'!$B7, "2") -> 0 | AL7: =SUMIFS('Historical Orders'!$E7, 'Historical Orders'!$D7, "4", 'Historical Orders'!$C7, "B", 'Historical Orders'!$B7, "2") -> 0 | AM7: =SUMIFS('Historical Orders'!$G7, 'Historical Orders'!$D7, "4", 'Historical Orders'!$C7, "B", 'Historical Orders'!$B7, "2") -> 0 | AN7: =SUMIFS('Historical Orders'!$G7, 'Historical Orders'!$C7, "A", 'Historical Orders'!$B7, "1") -> 0 | AO7: =SUMIFS('Historical Orders'!$G7, 'Historical Orders'!$C7, "B", 'Historical Orders'!$B7, "1") -> 0 | AP7: =SUMIFS('Historical Orders'!$G7, 'Historical Orders'!$C7, "A", 'Historical Orders'!$B7, "2") -> 0 | AQ7: =SUMIFS('Historical Orders'!$G7, 'Historical Orders'!$C7, "B", 'Historical Orders'!$B7, "2") -> 21048.8 | AT7: 41890 | AV7: =AT7 -> 41890 | AW7: =SUMIFS(E:E, A:A, AT7) -> 20640 | AX7: =SUMIFS(E:E, A:A, AT7, B:B, "1") -> 10432 | AY7: =SUMIFS(E:E, A:A, AT7, B:B, "2") -> 10208 | AZ7: =SUMIFS(E:E, A:A, AT7, C:C, "A") -> 16421 | BA7: =SUMIFS(E:E, A:A, AT7, C:C, "B") -> 4219 | BC7: =SUMIFS(G:G, A:A, AT7) -> 60066.9 | BD7: =SUMIFS(G:G, A:A, AT7, B:B, "1") -> 30325.9 | BE7: =SUMIFS(G:G, A:A, AT7, B:B, "2") -> 29741 | BG7: =SUMIFS(G:G, A:A, AT7, B:B, "1", D:D, "1", C:C, "A") -> 7233.6 | BH7: =SUMIFS(G:G, A:A, AT7, B:B, "1", D:D, "2", C:C, "A") -> 6118.8 | BI7: =SUMIFS(G:G, A:A, AT7, B:B, "1", D:D, "3", C:C, "A") -> 0 | BJ7: =SUM('Historical Orders'!$BG7:$BI7) -> 13352.4 | BL7: =SUMIFS(G:G, A:A, AT7, B:B, "1", D:D, "1", C:C, "B") -> 0 | BM7: =SUMIFS(G:G, A:A, AT7, B:B, "1", D:D, "2", C:C, "B") -> 0 | BN7: =SUMIFS(G:G, A:A, AT7, B:B, "1", D:D, "3", C:C, "B") -> 16973.5 | BO7: =SUM('Historical Orders'!$BL7:$BN7) -> 16973.5 | BQ7: =SUMIFS(G:G, A:A, AT7, B:B, "2", D:D, "1", C:C, "A") -> 4523.2 | BR7: =SUMIFS(G:G, A:A, AT7, B:B, "2", D:D, "2", C:C, "A") -> 7173.6 | BS7: =SUMIFS(G:G, A:A, AT7, B:B, "2", D:D, "3", C:C, "A") -> 0 | BT7: =SUM('Historical Orders'!$BQ7:$BS7) -> 11696.8 | BV7: =SUMIFS(G:G, A:A, AT7, B:B, "2", D:D, "1", C:C, "B") -> 0 | BW7: =SUMIFS(G:G, A:A, AT7, B:B, "2", D:D, "2", C:C, "B") -> 0 | BX7: =SUMIFS(G:G, A:A, AT7, B:B, "2", D:D, "3", C:C, "B") -> 18044.2 | BY7: =SUM('Historical Orders'!$BV7:$BX7) -> 18044.2 | CA7: =COUNTIFS(A:A, AT7, B:B, "1") -> 3 | CB7: =COUNTIFS(A:A, AT7, B:B, "2") -> 3 | CC7: =COUNTIFS(A:A, AT7, C:C, "A") -> 4 | CD7: =COUNTIFS(A:A, AT7, C:C, "B") -> 2 | CE7: =COUNTIFS(A:A, AT7, D:D, "1") -> 2 | CF7: =COUNTIFS(A:A, AT7, D:D, "2") -> 2 | CG7: =COUNTIFS(A:A, AT7, D:D, "3") -> 2
A8: 41862 | B8: 1 | C8: A | D8: 1 | E8: 4598 | F8: 2.2 | G8: 10115.6 | H8: =SUMIFS('Historical Orders'!$E8, 'Historical Orders'!$D8, "1", 'Historical Orders'!$C8, "A", 'Historical Orders'!$B8, "1") -> 4598 | I8: =SUMIFS('Historical Orders'!$G8, 'Historical Orders'!$D8, "1", 'Historical Orders'!$C8, "A", 'Historical Orders'!$B8, "1") -> 10115.6 | J8: =SUMIFS('Historical Orders'!$E8, 'Historical Orders'!$D8, "1", 'Historical Orders'!$C8, "B", 'Historical Orders'!$B8, "1") -> 0 | K8: =SUMIFS('Historical Orders'!$G8, 'Historical Orders'!$D8, "1", 'Historical Orders'!$C8, "B", 'Historical Orders'!$B8, "1") -> 0 | L8: =SUMIFS('Historical Orders'!$E8, 'Historical Orders'!$D8, "1", 'Historical Orders'!$C8, "A", 'Historical Orders'!$B8, "2") -> 0 | M8: =SUMIFS('Historical Orders'!$G8, 'Historical Orders'!$D8, "1", 'Historical Orders'!$C8, "A", 'Historical Orders'!$B8, "2") -> 0 | N8: =SUMIFS('Historical Orders'!$E8, 'Historical Orders'!$D8, "1", 'Historical Orders'!$C8, "B", 'Historical Orders'!$B8, "2") -> 0 | O8: =SUMIFS('Historical Orders'!$G8, 'Historical Orders'!$D8, "1", 'Historical Orders'!$C8, "B", 'Historical Orders'!$B8, "2") -> 0 | P8: =SUMIFS('Historical Orders'!$E8, 'Historical Orders'!$D8, "2", 'Historical Orders'!$C8, "A", 'Historical Orders'!$B8, "1") -> 0 | Q8: =SUMIFS('Historical Orders'!$G8, 'Historical Orders'!$D8, "2", 'Historical Orders'!$C8, "A", 'Historical Orders'!$B8, "1") -> 0 | R8: =SUMIFS('Historical Orders'!$E8, 'Historical Orders'!$D8, "2", 'Historical Orders'!$C8, "B", 'Historical Orders'!$B8, "1") -> 0 | S8: =SUMIFS('Historical Orders'!$G8, 'Historical Orders'!$D8, "2", 'Historical Orders'!$C8, "B", 'Historical Orders'!$B8, "1") -> 0 | T8: =SUMIFS('Historical Orders'!$E8, 'Historical Orders'!$D8, "2", 'Historical Orders'!$C8, "A", 'Historical Orders'!$B8, "2") -> 0 | U8: =SUMIFS('Historical Orders'!$G8, 'Historical Orders'!$D8, "2", 'Historical Orders'!$C8, "A", 'Historical Orders'!$B8, "2") -> 0 | V8: =SUMIFS('Historical Orders'!$E8, 'Historical Orders'!$D8, "2", 'Historical Orders'!$C8, "B", 'Historical Orders'!$B8, "2") -> 0 | W8: =SUMIFS('Historical Orders'!$G8, 'Historical Orders'!$D8, "2", 'Historical Orders'!$C8, "B", 'Historical Orders'!$B8, "2") -> 0 | X8: =SUMIFS('Historical Orders'!$E8, 'Historical Orders'!$D8, "3", 'Historical Orders'!$C8, "A", 'Historical Orders'!$B8, "1") -> 0 | Y8: =SUMIFS('Historical Orders'!$G8, 'Historical Orders'!$D8, "3", 'Historical Orders'!$C8, "A", 'Historical Orders'!$B8, "1") -> 0 | Z8: =SUMIFS('Historical Orders'!$E8, 'Historical Orders'!$D8, "3", 'Historical Orders'!$C8, "B", 'Historical Orders'!$B8, "1") -> 0 | AA8: =SUMIFS('Historical Orders'!$G8, 'Historical Orders'!$D8, "3", 'Historical Orders'!$C8, "B", 'Historical Orders'!$B8, "1") -> 0 | AB8: =SUMIFS('Historical Orders'!$E8, 'Historical Orders'!$D8, "3", 'Historical Orders'!$C8, "A", 'Historical Orders'!$B8, "2") -> 0 | AC8: =SUMIFS('Historical Orders'!$G8, 'Historical Orders'!$D8, "3", 'Historical Orders'!$C8, "A", 'Historical Orders'!$B8, "2") -> 0 | AD8: =SUMIFS('Historical Orders'!$E8, 'Historical Orders'!$D8, "3", 'Historical Orders'!$C8, "B", 'Historical Orders'!$B8, "2") -> 0 | AE8: =SUMIFS('Historical Orders'!$G8, 'Historical Orders'!$D8, "3", 'Historical Orders'!$C8, "B", 'Historical Orders'!$B8, "2") -> 0 | AF8: =SUMIFS('Historical Orders'!$E8, 'Historical Orders'!$D8, "4", 'Historical Orders'!$C8, "A", 'Historical Orders'!$B8, "1") -> 0 | AG8: =SUMIFS('Historical Orders'!$G8, 'Historical Orders'!$D8, "4", 'Historical Orders'!$C8, "A", 'Historical Orders'!$B8, "1") -> 0 | AH8: =SUMIFS('Historical Orders'!$E8, 'Historical Orders'!$D8, "4", 'Historical Orders'!$C8, "B", 'Historical Orders'!$B8, "1") -> 0 | AI8: =SUMIFS('Historical Orders'!$G8, 'Historical Orders'!$D8, "4", 'Historical Orders'!$C8, "B", 'Historical Orders'!$B8, "1") -> 0 | AJ8: =SUMIFS('Historical Orders'!$E8, 'Historical Orders'!$D8, "4", 'Historical Orders'!$C8, "A", 'Historical Orders'!$B8, "2") -> 0 | AK8: =SUMIFS('Historical Orders'!$G8, 'Historical Orders'!$D8, "4", 'Historical Orders'!$C8, "A", 'Historical Orders'!$B8, "2") -> 0 | AL8: =SUMIFS('Historical Orders'!$E8, 'Historical Orders'!$D8, "4", 'Historical Orders'!$C8, "B", 'Historical Orders'!$B8, "2") -> 0 | AM8: =SUMIFS('Historical Orders'!$G8, 'Historical Orders'!$D8, "4", 'Historical Orders'!$C8, "B", 'Historical Orders'!$B8, "2") -> 0 | AN8: =SUMIFS('Historical Orders'!$G8, 'Historical Orders'!$C8, "A", 'Historical Orders'!$B8, "1") -> 10115.6 | AO8: =SUMIFS('Historical Orders'!$G8, 'Historical Orders'!$C8, "B", 'Historical Orders'!$B8, "1") -> 0 | AP8: =SUMIFS('Historical Orders'!$G8, 'Historical Orders'!$C8, "A", 'Historical Orders'!$B8, "2") -> 0 | AQ8: =SUMIFS('Historical Orders'!$G8, 'Historical Orders'!$C8, "B", 'Historical Orders'!$B8, "2") -> 0 | AT8: 41897 | AV8: =AT8 -> 41897 | AW8: =SUMIFS(E:E, A:A, AT8) -> 24421 | AX8: =SUMIFS(E:E, A:A, AT8, B:B, "1") -> 11791 | AY8: =SUMIFS(E:E, A:A, AT8, B:B, "2") -> 12630 | AZ8: =SUMIFS(E:E, A:A, AT8, C:C, "A") -> 19277 | BA8: =SUMIFS(E:E, A:A, AT8, C:C, "B") -> 5144 | BC8: =SUMIFS(G:G, A:A, AT8) -> 73121.6 | BD8: =SUMIFS(G:G, A:A, AT8, B:B, "1") -> 34442.7 | BE8: =SUMIFS(G:G, A:A, AT8, B:B, "2") -> 38678.9 | BG8: =SUMIFS(G:G, A:A, AT8, B:B, "1", D:D, "1", C:C, "A") -> 8797.8 | BH8: =SUMIFS(G:G, A:A, AT8, B:B, "1", D:D, "2", C:C, "A") -> 6596.4 | BI8: =SUMIFS(G:G, A:A, AT8, B:B, "1", D:D, "3", C:C, "A") -> 0 | BJ8: =SUM('Historical Orders'!$BG8:$BI8) -> 15394.2 | BL8: =SUMIFS(G:G, A:A, AT8, B:B, "1", D:D, "1", C:C, "B") -> 0 | BM8: =SUMIFS(G:G, A:A, AT8, B:B, "1", D:D, "2", C:C, "B") -> 0 | BN8: =SUMIFS(G:G, A:A, AT8, B:B, "1", D:D, "3", C:C, "B") -> 19048.5 | BO8: =SUM('Historical Orders'!$BL8:$BN8) -> 19048.5 | BQ8: =SUMIFS(G:G, A:A, AT8, B:B, "2", D:D, "1", C:C, "A") -> 7249 | BR8: =SUMIFS(G:G, A:A, AT8, B:B, "2", D:D, "2", C:C, "A") -> 7783.2 | BS8: =SUMIFS(G:G, A:A, AT8, B:B, "2", D:D, "3", C:C, "A") -> 0 | BT8: =SUM('Historical Orders'!$BQ8:$BS8) -> 15032.2 | BV8: =SUMIFS(G:G, A:A, AT8, B:B, "2", D:D, "1", C:C, "B") -> 0 | BW8: =SUMIFS(G:G, A:A, AT8, B:B, "2", D:D, "2", C:C, "B") -> 0 | BX8: =SUMIFS(G:G, A:A, AT8, B:B, "2", D:D, "3", C:C, "B") -> 23646.7 | BY8: =SUM('Historical Orders'!$BV8:$BX8) -> 23646.7 | CA8: =COUNTIFS(A:A, AT8, B:B, "1") -> 3 | CB8: =COUNTIFS(A:A, AT8, B:B, "2") -> 3 | CC8: =COUNTIFS(A:A, AT8, C:C, "A") -> 4 | CD8: =COUNTIFS(A:A, AT8, C:C, "B") -> 2 | CE8: =COUNTIFS(A:A, AT8, D:D, "1") -> 2 | CF8: =COUNTIFS(A:A, AT8, D:D, "2") -> 2 | CG8: =COUNTIFS(A:A, AT8, D:D, "3") -> 2
A9: 41862 | B9: 1 | C9: A | D9: 2 | E9: 5463 | F9: 1.2 | G9: 6555.6 | H9: =SUMIFS('Historical Orders'!$E9, 'Historical Orders'!$D9, "1", 'Historical Orders'!$C9, "A", 'Historical Orders'!$B9, "1") -> 0 | I9: =SUMIFS('Historical Orders'!$G9, 'Historical Orders'!$D9, "1", 'Historical Orders'!$C9, "A", 'Historical Orders'!$B9, "1") -> 0 | J9: =SUMIFS('Historical Orders'!$E9, 'Historical Orders'!$D9, "1", 'Historical Orders'!$C9, "B", 'Historical Orders'!$B9, "1") -> 0 | K9: =SUMIFS('Historical Orders'!$G9, 'Historical Orders'!$D9, "1", 'Historical Orders'!$C9, "B", 'Historical Orders'!$B9, "1") -> 0 | L9: =SUMIFS('Historical Orders'!$E9, 'Historical Orders'!$D9, "1", 'Historical Orders'!$C9, "A", 'Historical Orders'!$B9, "2") -> 0 | M9: =SUMIFS('Historical Orders'!$G9, 'Historical Orders'!$D9, "1", 'Historical Orders'!$C9, "A", 'Historical Orders'!$B9, "2") -> 0 | N9: =SUMIFS('Historical Orders'!$E9, 'Historical Orders'!$D9, "1", 'Historical Orders'!$C9, "B", 'Historical Orders'!$B9, "2") -> 0 | O9: =SUMIFS('Historical Orders'!$G9, 'Historical Orders'!$D9, "1", 'Historical Orders'!$C9, "B", 'Historical Orders'!$B9, "2") -> 0 | P9: =SUMIFS('Historical Orders'!$E9, 'Historical Orders'!$D9, "2", 'Historical Orders'!$C9, "A", 'Historical Orders'!$B9, "1") -> 5463 | Q9: =SUMIFS('Historical Orders'!$G9, 'Historical Orders'!$D9, "2", 'Historical Orders'!$C9, "A", 'Historical Orders'!$B9, "1") -> 6555.6 | R9: =SUMIFS('Historical Orders'!$E9, 'Historical Orders'!$D9, "2", 'Historical Orders'!$C9, "B", 'Historical Orders'!$B9, "1") -> 0 | S9: =SUMIFS('Historical Orders'!$G9, 'Historical Orders'!$D9, "2", 'Historical Orders'!$C9, "B", 'Historical Orders'!$B9, "1") -> 0 | T9: =SUMIFS('Historical Orders'!$E9, 'Historical Orders'!$D9, "2", 'Historical Orders'!$C9, "A", 'Historical Orders'!$B9, "2") -> 0 | U9: =SUMIFS('Historical Orders'!$G9, 'Historical Orders'!$D9, "2", 'Historical Orders'!$C9, "A", 'Historical Orders'!$B9, "2") -> 0 | V9: =SUMIFS('Historical Orders'!$E9, 'Historical Orders'!$D9, "2", 'Historical Orders'!$C9, "B", 'Historical Orders'!$B9, "2") -> 0 | W9: =SUMIFS('Historical Orders'!$G9, 'Historical Orders'!$D9, "2", 'Historical Orders'!$C9, "B", 'Historical Orders'!$B9, "2") -> 0 | X9: =SUMIFS('Historical Orders'!$E9, 'Historical Orders'!$D9, "3", 'Historical Orders'!$C9, "A", 'Historical Orders'!$B9, "1") -> 0 | Y9: =SUMIFS('Historical Orders'!$G9, 'Historical Orders'!$D9, "3", 'Historical Orders'!$C9, "A", 'Historical Orders'!$B9, "1") -> 0 | Z9: =SUMIFS('Historical Orders'!$E9, 'Historical Orders'!$D9, "3", 'Historical Orders'!$C9, "B", 'Historical Orders'!$B9, "1") -> 0 | AA9: =SUMIFS('Historical Orders'!$G9, 'Historical Orders'!$D9, "3", 'Historical Orders'!$C9, "B", 'Historical Orders'!$B9, "1") -> 0 | AB9: =SUMIFS('Historical Orders'!$E9, 'Historical Orders'!$D9, "3", 'Historical Orders'!$C9, "A", 'Historical Orders'!$B9, "2") -> 0 | AC9: =SUMIFS('Historical Orders'!$G9, 'Historical Orders'!$D9, "3", 'Historical Orders'!$C9, "A", 'Historical Orders'!$B9, "2") -> 0 | AD9: =SUMIFS('Historical Orders'!$E9, 'Historical Orders'!$D9, "3", 'Historical Orders'!$C9, "B", 'Historical Orders'!$B9, "2") -> 0 | AE9: =SUMIFS('Historical Orders'!$G9, 'Historical Orders'!$D9, "3", 'Historical Orders'!$C9, "B", 'Historical Orders'!$B9, "2") -> 0 | AF9: =SUMIFS('Historical Orders'!$E9, 'Historical Orders'!$D9, "4", 'Historical Orders'!$C9, "A", 'Historical Orders'!$B9, "1") -> 0 | AG9: =SUMIFS('Historical Orders'!$G9, 'Historical Orders'!$D9, "4", 'Historical Orders'!$C9, "A", 'Historical Orders'!$B9, "1") -> 0 | AH9: =SUMIFS('Historical Orders'!$E9, 'Historical Orders'!$D9, "4", 'Historical Orders'!$C9, "B", 'Historical Orders'!$B9, "1") -> 0 | AI9: =SUMIFS('Historical Orders'!$G9, 'Historical Orders'!$D9, "4", 'Historical Orders'!$C9, "B", 'Historical Orders'!$B9, "1") -> 0 | AJ9: =SUMIFS('Historical Orders'!$E9, 'Historical Orders'!$D9, "4", 'Historical Orders'!$C9, "A", 'Historical Orders'!$B9, "2") -> 0 | AK9: =SUMIFS('Historical Orders'!$G9, 'Historical Orders'!$D9, "4", 'Historical Orders'!$C9, "A", 'Historical Orders'!$B9, "2") -> 0 | AL9: =SUMIFS('Historical Orders'!$E9, 'Historical Orders'!$D9, "4", 'Historical Orders'!$C9, "B", 'Historical Orders'!$B9, "2") -> 0 | AM9: =SUMIFS('Historical Orders'!$G9, 'Historical Orders'!$D9, "4", 'Historical Orders'!$C9, "B", 'Historical Orders'!$B9, "2") -> 0 | AN9: =SUMIFS('Historical Orders'!$G9, 'Historical Orders'!$C9, "A", 'Historical Orders'!$B9, "1") -> 6555.6 | AO9: =SUMIFS('Historical Orders'!$G9, 'Historical Orders'!$C9, "B", 'Historical Orders'!$B9, "1") -> 0 | AP9: =SUMIFS('Historical Orders'!$G9, 'Historical Orders'!$C9, "A", 'Historical Orders'!$B9, "2") -> 0 | AQ9: =SUMIFS('Historical Orders'!$G9, 'Historical Orders'!$C9, "B", 'Historical Orders'!$B9, "2") -> 0 | AT9: 41904 | AV9: =AT9 -> 41904 | AW9: =SUMIFS(E:E, A:A, AT9) -> 20259 | AX9: =SUMIFS(E:E, A:A, AT9, B:B, "1") -> 10864 | AY9: =SUMIFS(E:E, A:A, AT9, B:B, "2") -> 9395 | AZ9: =SUMIFS(E:E, A:A, AT9, C:C, "A") -> 16068 | BA9: =SUMIFS(E:E, A:A, AT9, C:C, "B") -> 4191 | BC9: =SUMIFS(G:G, A:A, AT9) -> 60497.9 | BD9: =SUMIFS(G:G, A:A, AT9, B:B, "1") -> 30495.3 | BE9: =SUMIFS(G:G, A:A, AT9, B:B, "2") -> 30002.6 | BG9: =SUMIFS(G:G, A:A, AT9, B:B, "1", D:D, "1", C:C, "A") -> 8496.4 | BH9: =SUMIFS(G:G, A:A, AT9, B:B, "1", D:D, "2", C:C, "A") -> 6104.4 | BI9: =SUMIFS(G:G, A:A, AT9, B:B, "1", D:D, "3", C:C, "A") -> 0 | BJ9: =SUM('Historical Orders'!$BG9:$BI9) -> 14600.8 | BL9: =SUMIFS(G:G, A:A, AT9, B:B, "1", D:D, "1", C:C, "B") -> 0 | BM9: =SUMIFS(G:G, A:A, AT9, B:B, "1", D:D, "2", C:C, "B") -> 0 | BN9: =SUMIFS(G:G, A:A, AT9, B:B, "1", D:D, "3", C:C, "B") -> 15894.5 | BO9: =SUM('Historical Orders'!$BL9:$BN9) -> 15894.5 | BQ9: =SUMIFS(G:G, A:A, AT9, B:B, "2", D:D, "1", C:C, "A") -> 5651.8 | BR9: =SUMIFS(G:G, A:A, AT9, B:B, "2", D:D, "2", C:C, "A") -> 5460 | BS9: =SUMIFS(G:G, A:A, AT9, B:B, "2", D:D, "3", C:C, "A") -> 0 | BT9: =SUM('Historical Orders'!$BQ9:$BS9) -> 11111.8 | BV9: =SUMIFS(G:G, A:A, AT9, B:B, "2", D:D, "1", C:C, "B") -> 0 | BW9: =SUMIFS(G:G, A:A, AT9, B:B, "2", D:D, "2", C:C, "B") -> 0 | BX9: =SUMIFS(G:G, A:A, AT9, B:B, "2", D:D, "3", C:C, "B") -> 18890.8 | BY9: =SUM('Historical Orders'!$BV9:$BX9) -> 18890.8 | CA9: =COUNTIFS(A:A, AT9, B:B, "1") -> 3 | CB9: =COUNTIFS(A:A, AT9, B:B, "2") -> 3 | CC9: =COUNTIFS(A:A, AT9, C:C, "A") -> 4 | CD9: =COUNTIFS(A:A, AT9, C:C, "B") -> 2 | CE9: =COUNTIFS(A:A, AT9, D:D, "1") -> 2 | CF9: =COUNTIFS(A:A, AT9, D:D, "2") -> 2 | CG9: =COUNTIFS(A:A, AT9, D:D, "3") -> 2
A10: 41862 | B10: 2 | C10: A | D10: 1 | E10: 3234 | F10: 2.2 | G10: 7114.8 | H10: =SUMIFS('Historical Orders'!$E10, 'Historical Orders'!$D10, "1", 'Historical Orders'!$C10, "A", 'Historical Orders'!$B10, "1") -> 0 | I10: =SUMIFS('Historical Orders'!$G10, 'Historical Orders'!$D10, "1", 'Historical Orders'!$C10, "A", 'Historical Orders'!$B10, "1") -> 0 | J10: =SUMIFS('Historical Orders'!$E10, 'Historical Orders'!$D10, "1", 'Historical Orders'!$C10, "B", 'Historical Orders'!$B10, "1") -> 0 | K10: =SUMIFS('Historical Orders'!$G10, 'Historical Orders'!$D10, "1", 'Historical Orders'!$C10, "B", 'Historical Orders'!$B10, "1") -> 0 | L10: =SUMIFS('Historical Orders'!$E10, 'Historical Orders'!$D10, "1", 'Historical Orders'!$C10, "A", 'Historical Orders'!$B10, "2") -> 3234 | M10: =SUMIFS('Historical Orders'!$G10, 'Historical Orders'!$D10, "1", 'Historical Orders'!$C10, "A", 'Historical Orders'!$B10, "2") -> 7114.8 | N10: =SUMIFS('Historical Orders'!$E10, 'Historical Orders'!$D10, "1", 'Historical Orders'!$C10, "B", 'Historical Orders'!$B10, "2") -> 0 | O10: =SUMIFS('Historical Orders'!$G10, 'Historical Orders'!$D10, "1", 'Historical Orders'!$C10, "B", 'Historical Orders'!$B10, "2") -> 0 | P10: =SUMIFS('Historical Orders'!$E10, 'Historical Orders'!$D10, "2", 'Historical Orders'!$C10, "A", 'Historical Orders'!$B10, "1") -> 0 | Q10: =SUMIFS('Historical Orders'!$G10, 'Historical Orders'!$D10, "2", 'Historical Orders'!$C10, "A", 'Historical Orders'!$B10, "1") -> 0 | R10: =SUMIFS('Historical Orders'!$E10, 'Historical Orders'!$D10, "2", 'Historical Orders'!$C10, "B", 'Historical Orders'!$B10, "1") -> 0 | S10: =SUMIFS('Historical Orders'!$G10, 'Historical Orders'!$D10, "2", 'Historical Orders'!$C10, "B", 'Historical Orders'!$B10, "1") -> 0 | T10: =SUMIFS('Historical Orders'!$E10, 'Historical Orders'!$D10, "2", 'Historical Orders'!$C10, "A", 'Historical Orders'!$B10, "2") -> 0 | U10: =SUMIFS('Historical Orders'!$G10, 'Historical Orders'!$D10, "2", 'Historical Orders'!$C10, "A", 'Historical Orders'!$B10, "2") -> 0 | V10: =SUMIFS('Historical Orders'!$E10, 'Historical Orders'!$D10, "2", 'Historical Orders'!$C10, "B", 'Historical Orders'!$B10, "2") -> 0 | W10: =SUMIFS('Historical Orders'!$G10, 'Historical Orders'!$D10, "2", 'Historical Orders'!$C10, "B", 'Historical Orders'!$B10, "2") -> 0 | X10: =SUMIFS('Historical Orders'!$E10, 'Historical Orders'!$D10, "3", 'Historical Orders'!$C10, "A", 'Historical Orders'!$B10, "1") -> 0 | Y10: =SUMIFS('Historical Orders'!$G10, 'Historical Orders'!$D10, "3", 'Historical Orders'!$C10, "A", 'Historical Orders'!$B10, "1") -> 0 | Z10: =SUMIFS('Historical Orders'!$E10, 'Historical Orders'!$D10, "3", 'Historical Orders'!$C10, "B", 'Historical Orders'!$B10, "1") -> 0 | AA10: =SUMIFS('Historical Orders'!$G10, 'Historical Orders'!$D10, "3", 'Historical Orders'!$C10, "B", 'Historical Orders'!$B10, "1") -> 0 | AB10: =SUMIFS('Historical Orders'!$E10, 'Historical Orders'!$D10, "3", 'Historical Orders'!$C10, "A", 'Historical Orders'!$B10, "2") -> 0 | AC10: =SUMIFS('Historical Orders'!$G10, 'Historical Orders'!$D10, "3", 'Historical Orders'!$C10, "A", 'Historical Orders'!$B10, "2") -> 0 | AD10: =SUMIFS('Historical Orders'!$E10, 'Historical Orders'!$D10, "3", 'Historical Orders'!$C10, "B", 'Historical Orders'!$B10, "2") -> 0 | AE10: =SUMIFS('Historical Orders'!$G10, 'Historical Orders'!$D10, "3", 'Historical Orders'!$C10, "B", 'Historical Orders'!$B10, "2") -> 0 | AF10: =SUMIFS('Historical Orders'!$E10, 'Historical Orders'!$D10, "4", 'Historical Orders'!$C10, "A", 'Historical Orders'!$B10, "1") -> 0 | AG10: =SUMIFS('Historical Orders'!$G10, 'Historical Orders'!$D10, "4", 'Historical Orders'!$C10, "A", 'Historical Orders'!$B10, "1") -> 0 | AH10: =SUMIFS('Historical Orders'!$E10, 'Historical Orders'!$D10, "4", 'Historical Orders'!$C10, "B", 'Historical Orders'!$B10, "1") -> 0 | AI10: =SUMIFS('Historical Orders'!$G10, 'Historical Orders'!$D10, "4", 'Historical Orders'!$C10, "B", 'Historical Orders'!$B10, "1") -> 0 | AJ10: =SUMIFS('Historical Orders'!$E10, 'Historical Orders'!$D10, "4", 'Historical Orders'!$C10, "A", 'Historical Orders'!$B10, "2") -> 0 | AK10: =SUMIFS('Historical Orders'!$G10, 'Historical Orders'!$D10, "4", 'Historical Orders'!$C10, "A", 'Historical Orders'!$B10, "2") -> 0 | AL10: =SUMIFS('Historical Orders'!$E10, 'Historical Orders'!$D10, "4", 'Historical Orders'!$C10, "B", 'Historical Orders'!$B10, "2") -> 0 | AM10: =SUMIFS('Historical Orders'!$G10, 'Historical Orders'!$D10, "4", 'Historical Orders'!$C10, "B", 'Historical Orders'!$B10, "2") -> 0 | AN10: =SUMIFS('Historical Orders'!$G10, 'Historical Orders'!$C10, "A", 'Historical Orders'!$B10, "1") -> 0 | AO10: =SUMIFS('Historical Orders'!$G10, 'Historical Orders'!$C10, "B", 'Historical Orders'!$B10, "1") -> 0 | AP10: =SUMIFS('Historical Orders'!$G10, 'Historical Orders'!$C10, "A", 'Historical Orders'!$B10, "2") -> 7114.8 | AQ10: =SUMIFS('Historical Orders'!$G10, 'Historical Orders'!$C10, "B", 'Historical Orders'!$B10, "2") -> 0 | AT10: 41911 | AV10: =AT10 -> 41911 | AW10: =SUMIFS(E:E, A:A, AT10) -> 19403 | AX10: =SUMIFS(E:E, A:A, AT10, B:B, "1") -> 9996 | AY10: =SUMIFS(E:E, A:A, AT10, B:B, "2") -> 9407 | AZ10: =SUMIFS(E:E, A:A, AT10, C:C, "A") -> 14949 | BA10: =SUMIFS(E:E, A:A, AT10, C:C, "B") -> 4454 | BC10: =SUMIFS(G:G, A:A, AT10) -> 60788 | BD10: =SUMIFS(G:G, A:A, AT10, B:B, "1") -> 28743.2 | BE10: =SUMIFS(G:G, A:A, AT10, B:B, "2") -> 32044.8 | BG10: =SUMIFS(G:G, A:A, AT10, B:B, "1", D:D, "1", C:C, "A") -> 7167.6 | BH10: =SUMIFS(G:G, A:A, AT10, B:B, "1", D:D, "2", C:C, "A") -> 5805.6 | BI10: =SUMIFS(G:G, A:A, AT10, B:B, "1", D:D, "3", C:C, "A") -> 0 | BJ10: =SUM('Historical Orders'!$BG10:$BI10) -> 12973.2 | BL10: =SUMIFS(G:G, A:A, AT10, B:B, "1", D:D, "1", C:C, "B") -> 0 | BM10: =SUMIFS(G:G, A:A, AT10, B:B, "1", D:D, "2", C:C, "B") -> 0 | BN10: =SUMIFS(G:G, A:A, AT10, B:B, "1", D:D, "3", C:C, "B") -> 15770 | BO10: =SUM('Historical Orders'!$BL10:$BN10) -> 15770 | BQ10: =SUMIFS(G:G, A:A, AT10, B:B, "2", D:D, "1", C:C, "A") -> 5770.6 | BR10: =SUMIFS(G:G, A:A, AT10, B:B, "2", D:D, "2", C:C, "A") -> 5076 | BS10: =SUMIFS(G:G, A:A, AT10, B:B, "2", D:D, "3", C:C, "A") -> 0 | BT10: =SUM('Historical Orders'!$BQ10:$BS10) -> 10846.6 | BV10: =SUMIFS(G:G, A:A, AT10, B:B, "2", D:D, "1", C:C, "B") -> 0 | BW10: =SUMIFS(G:G, A:A, AT10, B:B, "2", D:D, "2", C:C, "B") -> 0 | BX10: =SUMIFS(G:G, A:A, AT10, B:B, "2", D:D, "3", C:C, "B") -> 21198.2 | BY10: =SUM('Historical Orders'!$BV10:$BX10) -> 21198.2 | CA10: =COUNTIFS(A:A, AT10, B:B, "1") -> 3 | CB10: =COUNTIFS(A:A, AT10, B:B, "2") -> 3 | CC10: =COUNTIFS(A:A, AT10, C:C, "A") -> 4 | CD10: =COUNTIFS(A:A, AT10, C:C, "B") -> 2 | CE10: =COUNTIFS(A:A, AT10, D:D, "1") -> 2 | CF10: =COUNTIFS(A:A, AT10, D:D, "2") -> 2 | CG10: =COUNTIFS(A:A, AT10, D:D, "3") -> 2
A11: 41862 | B11: 2 | C11: A | D11: 2 | E11: 5048 | F11: 1.2 | G11: 6057.6 | H11: =SUMIFS('Historical Orders'!$E11, 'Historical Orders'!$D11, "1", 'Historical Orders'!$C11, "A", 'Historical Orders'!$B11, "1") -> 0 | I11: =SUMIFS('Historical Orders'!$G11, 'Historical Orders'!$D11, "1", 'Historical Orders'!$C11, "A", 'Historical Orders'!$B11, "1") -> 0 | J11: =SUMIFS('Historical Orders'!$E11, 'Historical Orders'!$D11, "1", 'Historical Orders'!$C11, "B", 'Historical Orders'!$B11, "1") -> 0 | K11: =SUMIFS('Historical Orders'!$G11, 'Historical Orders'!$D11, "1", 'Historical Orders'!$C11, "B", 'Historical Orders'!$B11, "1") -> 0 | L11: =SUMIFS('Historical Orders'!$E11, 'Historical Orders'!$D11, "1", 'Historical Orders'!$C11, "A", 'Historical Orders'!$B11, "2") -> 0 | M11: =SUMIFS('Historical Orders'!$G11, 'Historical Orders'!$D11, "1", 'Historical Orders'!$C11, "A", 'Historical Orders'!$B11, "2") -> 0 | N11: =SUMIFS('Historical Orders'!$E11, 'Historical Orders'!$D11, "1", 'Historical Orders'!$C11, "B", 'Historical Orders'!$B11, "2") -> 0 | O11: =SUMIFS('Historical Orders'!$G11, 'Historical Orders'!$D11, "1", 'Historical Orders'!$C11, "B", 'Historical Orders'!$B11, "2") -> 0 | P11: =SUMIFS('Historical Orders'!$E11, 'Historical Orders'!$D11, "2", 'Historical Orders'!$C11, "A", 'Historical Orders'!$B11, "1") -> 0 | Q11: =SUMIFS('Historical Orders'!$G11, 'Historical Orders'!$D11, "2", 'Historical Orders'!$C11, "A", 'Historical Orders'!$B11, "1") -> 0 | R11: =SUMIFS('Historical Orders'!$E11, 'Historical Orders'!$D11, "2", 'Historical Orders'!$C11, "B", 'Historical Orders'!$B11, "1") -> 0 | S11: =SUMIFS('Historical Orders'!$G11, 'Historical Orders'!$D11, "2", 'Historical Orders'!$C11, "B", 'Historical Orders'!$B11, "1") -> 0 | T11: =SUMIFS('Historical Orders'!$E11, 'Historical Orders'!$D11, "2", 'Historical Orders'!$C11, "A", 'Historical Orders'!$B11, "2") -> 5048 | U11: =SUMIFS('Historical Orders'!$G11, 'Historical Orders'!$D11, "2", 'Historical Orders'!$C11, "A", 'Historical Orders'!$B11, "2") -> 6057.6 | V11: =SUMIFS('Historical Orders'!$E11, 'Historical Orders'!$D11, "2", 'Historical Orders'!$C11, "B", 'Historical Orders'!$B11, "2") -> 0 | W11: =SUMIFS('Historical Orders'!$G11, 'Historical Orders'!$D11, "2", 'Historical Orders'!$C11, "B", 'Historical Orders'!$B11, "2") -> 0 | X11: =SUMIFS('Historical Orders'!$E11, 'Historical Orders'!$D11, "3", 'Historical Orders'!$C11, "A", 'Historical Orders'!$B11, "1") -> 0 | Y11: =SUMIFS('Historical Orders'!$G11, 'Historical Orders'!$D11, "3", 'Historical Orders'!$C11, "A", 'Historical Orders'!$B11, "1") -> 0 | Z11: =SUMIFS('Historical Orders'!$E11, 'Historical Orders'!$D11, "3", 'Historical Orders'!$C11, "B", 'Historical Orders'!$B11, "1") -> 0 | AA11: =SUMIFS('Historical Orders'!$G11, 'Historical Orders'!$D11, "3", 'Historical Orders'!$C11, "B", 'Historical Orders'!$B11, "1") -> 0 | AB11: =SUMIFS('Historical Orders'!$E11, 'Historical Orders'!$D11, "3", 'Historical Orders'!$C11, "A", 'Historical Orders'!$B11, "2") -> 0 | AC11: =SUMIFS('Historical Orders'!$G11, 'Historical Orders'!$D11, "3", 'Historical Orders'!$C11, "A", 'Historical Orders'!$B11, "2") -> 0 | AD11: =SUMIFS('Historical Orders'!$E11, 'Historical Orders'!$D11, "3", 'Historical Orders'!$C11, "B", 'Historical Orders'!$B11, "2") -> 0 | AE11: =SUMIFS('Historical Orders'!$G11, 'Historical Orders'!$D11, "3", 'Historical Orders'!$C11, "B", 'Historical Orders'!$B11, "2") -> 0 | AF11: =SUMIFS('Historical Orders'!$E11, 'Historical Orders'!$D11, "4", 'Historical Orders'!$C11, "A", 'Historical Orders'!$B11, "1") -> 0 | AG11: =SUMIFS('Historical Orders'!$G11, 'Historical Orders'!$D11, "4", 'Historical Orders'!$C11, "A", 'Historical Orders'!$B11, "1") -> 0 | AH11: =SUMIFS('Historical Orders'!$E11, 'Historical Orders'!$D11, "4", 'Historical Orders'!$C11, "B", 'Historical Orders'!$B11, "1") -> 0 | AI11: =SUMIFS('Historical Orders'!$G11, 'Historical Orders'!$D11, "4", 'Historical Orders'!$C11, "B", 'Historical Orders'!$B11, "1") -> 0 | AJ11: =SUMIFS('Historical Orders'!$E11, 'Historical Orders'!$D11, "4", 'Historical Orders'!$C11, "A", 'Historical Orders'!$B11, "2") -> 0 | AK11: =SUMIFS('Historical Orders'!$G11, 'Historical Orders'!$D11, "4", 'Historical Orders'!$C11, "A", 'Historical Orders'!$B11, "2") -> 0 | AL11: =SUMIFS('Historical Orders'!$E11, 'Historical Orders'!$D11, "4", 'Historical Orders'!$C11, "B", 'Historical Orders'!$B11, "2") -> 0 | AM11: =SUMIFS('Historical Orders'!$G11, 'Historical Orders'!$D11, "4", 'Historical Orders'!$C11, "B", 'Historical Orders'!$B11, "2") -> 0 | AN11: =SUMIFS('Historical Orders'!$G11, 'Historical Orders'!$C11, "A", 'Historical Orders'!$B11, "1") -> 0 | AO11: =SUMIFS('Historical Orders'!$G11, 'Historical Orders'!$C11, "B", 'Historical Orders'!$B11, "1") -> 0 | AP11: =SUMIFS('Historical Orders'!$G11, 'Historical Orders'!$C11, "A", 'Historical Orders'!$B11, "2") -> 6057.6 | AQ11: =SUMIFS('Historical Orders'!$G11, 'Historical Orders'!$C11, "B", 'Historical Orders'!$B11, "2") -> 0 | AT11: 41918 | AV11: =AT11 -> 41918 | AW11: =SUMIFS(E:E, A:A, AT11) -> 21561 | AX11: =SUMIFS(E:E, A:A, AT11, B:B, "1") -> 11608 | AY11: =SUMIFS(E:E, A:A, AT11, B:B, "2") -> 9953 | AZ11: =SUMIFS(E:E, A:A, AT11, C:C, "A") -> 17362 | BA11: =SUMIFS(E:E, A:A, AT11, C:C, "B") -> 4199 | BC11: =SUMIFS(G:G, A:A, AT11) -> 62811.1 | BD11: =SUMIFS(G:G, A:A, AT11, B:B, "1") -> 32627.4 | BE11: =SUMIFS(G:G, A:A, AT11, B:B, "2") -> 30183.7 | BG11: =SUMIFS(G:G, A:A, AT11, B:B, "1", D:D, "1", C:C, "A") -> 9301.6 | BH11: =SUMIFS(G:G, A:A, AT11, B:B, "1", D:D, "2", C:C, "A") -> 6410.4 | BI11: =SUMIFS(G:G, A:A, AT11, B:B, "1", D:D, "3", C:C, "A") -> 0 | BJ11: =SUM('Historical Orders'!$BG11:$BI11) -> 15712 | BL11: =SUMIFS(G:G, A:A, AT11, B:B, "1", D:D, "1", C:C, "B") -> 0 | BM11: =SUMIFS(G:G, A:A, AT11, B:B, "1", D:D, "2", C:C, "B") -> 0 | BN11: =SUMIFS(G:G, A:A, AT11, B:B, "1", D:D, "3", C:C, "B") -> 16915.4 | BO11: =SUM('Historical Orders'!$BL11:$BN11) -> 16915.4 | BQ11: =SUMIFS(G:G, A:A, AT11, B:B, "2", D:D, "1", C:C, "A") -> 6373.4 | BR11: =SUMIFS(G:G, A:A, AT11, B:B, "2", D:D, "2", C:C, "A") -> 5874 | BS11: =SUMIFS(G:G, A:A, AT11, B:B, "2", D:D, "3", C:C, "A") -> 0 | BT11: =SUM('Historical Orders'!$BQ11:$BS11) -> 12247.4 | BV11: =SUMIFS(G:G, A:A, AT11, B:B, "2", D:D, "1", C:C, "B") -> 0 | BW11: =SUMIFS(G:G, A:A, AT11, B:B, "2", D:D, "2", C:C, "B") -> 0 | BX11: =SUMIFS(G:G, A:A, AT11, B:B, "2", D:D, "3", C:C, "B") -> 17936.3 | BY11: =SUM('Historical Orders'!$BV11:$BX11) -> 17936.3 | CA11: =COUNTIFS(A:A, AT11, B:B, "1") -> 3 | CB11: =COUNTIFS(A:A, AT11, B:B, "2") -> 3 | CC11: =COUNTIFS(A:A, AT11, C:C, "A") -> 4 | CD11: =COUNTIFS(A:A, AT11, C:C, "B") -> 2 | CE11: =COUNTIFS(A:A, AT11, D:D, "1") -> 2 | CF11: =COUNTIFS(A:A, AT11, D:D, "2") -> 2 | CG11: =COUNTIFS(A:A, AT11, D:D, "3") -> 2
A12: 41862 | B12: 1 | C12: B | D12: 3 | E12: 1738 | F12: 8.3 | G12: 14425.4 | H12: =SUMIFS('Historical Orders'!$E12, 'Historical Orders'!$D12, "1", 'Historical Orders'!$C12, "A", 'Historical Orders'!$B12, "1") -> 0 | I12: =SUMIFS('Historical Orders'!$G12, 'Historical Orders'!$D12, "1", 'Historical Orders'!$C12, "A", 'Historical Orders'!$B12, "1") -> 0 | J12: =SUMIFS('Historical Orders'!$E12, 'Historical Orders'!$D12, "1", 'Historical Orders'!$C12, "B", 'Historical Orders'!$B12, "1") -> 0 | K12: =SUMIFS('Historical Orders'!$G12, 'Historical Orders'!$D12, "1", 'Historical Orders'!$C12, "B", 'Historical Orders'!$B12, "1") -> 0 | L12: =SUMIFS('Historical Orders'!$E12, 'Historical Orders'!$D12, "1", 'Historical Orders'!$C12, "A", 'Historical Orders'!$B12, "2") -> 0 | M12: =SUMIFS('Historical Orders'!$G12, 'Historical Orders'!$D12, "1", 'Historical Orders'!$C12, "A", 'Historical Orders'!$B12, "2") -> 0 | N12: =SUMIFS('Historical Orders'!$E12, 'Historical Orders'!$D12, "1", 'Historical Orders'!$C12, "B", 'Historical Orders'!$B12, "2") -> 0 | O12: =SUMIFS('Historical Orders'!$G12, 'Historical Orders'!$D12, "1", 'Historical Orders'!$C12, "B", 'Historical Orders'!$B12, "2") -> 0 | P12: =SUMIFS('Historical Orders'!$E12, 'Historical Orders'!$D12, "2", 'Historical Orders'!$C12, "A", 'Historical Orders'!$B12, "1") -> 0 | Q12: =SUMIFS('Historical Orders'!$G12, 'Historical Orders'!$D12, "2", 'Historical Orders'!$C12, "A", 'Historical Orders'!$B12, "1") -> 0 | R12: =SUMIFS('Historical Orders'!$E12, 'Historical Orders'!$D12, "2", 'Historical Orders'!$C12, "B", 'Historical Orders'!$B12, "1") -> 0 | S12: =SUMIFS('Historical Orders'!$G12, 'Historical Orders'!$D12, "2", 'Historical Orders'!$C12, "B", 'Historical Orders'!$B12, "1") -> 0 | T12: =SUMIFS('Historical Orders'!$E12, 'Historical Orders'!$D12, "2", 'Historical Orders'!$C12, "A", 'Historical Orders'!$B12, "2") -> 0 | U12: =SUMIFS('Historical Orders'!$G12, 'Historical Orders'!$D12, "2", 'Historical Orders'!$C12, "A", 'Historical Orders'!$B12, "2") -> 0 | V12: =SUMIFS('Historical Orders'!$E12, 'Historical Orders'!$D12, "2", 'Historical Orders'!$C12, "B", 'Historical Orders'!$B12, "2") -> 0 | W12: =SUMIFS('Historical Orders'!$G12, 'Historical Orders'!$D12, "2", 'Historical Orders'!$C12, "B", 'Historical Orders'!$B12, "2") -> 0 | X12: =SUMIFS('Historical Orders'!$E12, 'Historical Orders'!$D12, "3", 'Historical Orders'!$C12, "A", 'Historical Orders'!$B12, "1") -> 0 | Y12: =SUMIFS('Historical Orders'!$G12, 'Historical Orders'!$D12, "3", 'Historical Orders'!$C12, "A", 'Historical Orders'!$B12, "1") -> 0 | Z12: =SUMIFS('Historical Orders'!$E12, 'Historical Orders'!$D12, "3", 'Historical Orders'!$C12, "B", 'Historical Orders'!$B12, "1") -> 1738 | AA12: =SUMIFS('Historical Orders'!$G12, 'Historical Orders'!$D12, "3", 'Historical Orders'!$C12, "B", 'Historical Orders'!$B12, "1") -> 14425.4 | AB12: =SUMIFS('Historical Orders'!$E12, 'Historical Orders'!$D12, "3", 'Historical Orders'!$C12, "A", 'Historical Orders'!$B12, "2") -> 0 | AC12: =SUMIFS('Historical Orders'!$G12, 'Historical Orders'!$D12, "3", 'Historical Orders'!$C12, "A", 'Historical Orders'!$B12, "2") -> 0 | AD12: =SUMIFS('Historical Orders'!$E12, 'Historical Orders'!$D12, "3", 'Historical Orders'!$C12, "B", 'Historical Orders'!$B12, "2") -> 0 | AE12: =SUMIFS('Historical Orders'!$G12, 'Historical Orders'!$D12, "3", 'Historical Orders'!$C12, "B", 'Historical Orders'!$B12, "2") -> 0 | AF12: =SUMIFS('Historical Orders'!$E12, 'Historical Orders'!$D12, "4", 'Historical Orders'!$C12, "A", 'Historical Orders'!$B12, "1") -> 0 | AG12: =SUMIFS('Historical Orders'!$G12, 'Historical Orders'!$D12, "4", 'Historical Orders'!$C12, "A", 'Historical Orders'!$B12, "1") -> 0 | AH12: =SUMIFS('Historical Orders'!$E12, 'Historical Orders'!$D12, "4", 'Historical Orders'!$C12, "B", 'Historical Orders'!$B12, "1") -> 0 | AI12: =SUMIFS('Historical Orders'!$G12, 'Historical Orders'!$D12, "4", 'Historical Orders'!$C12, "B", 'Historical Orders'!$B12, "1") -> 0 | AJ12: =SUMIFS('Historical Orders'!$E12, 'Historical Orders'!$D12, "4", 'Historical Orders'!$C12, "A", 'Historical Orders'!$B12, "2") -> 0 | AK12: =SUMIFS('Historical Orders'!$G12, 'Historical Orders'!$D12, "4", 'Historical Orders'!$C12, "A", 'Historical Orders'!$B12, "2") -> 0 | AL12: =SUMIFS('Historical Orders'!$E12, 'Historical Orders'!$D12, "4", 'Historical Orders'!$C12, "B", 'Historical Orders'!$B12, "2") -> 0 | AM12: =SUMIFS('Historical Orders'!$G12, 'Historical Orders'!$D12, "4", 'Historical Orders'!$C12, "B", 'Historical Orders'!$B12, "2") -> 0 | AN12: =SUMIFS('Historical Orders'!$G12, 'Historical Orders'!$C12, "A", 'Historical Orders'!$B12, "1") -> 0 | AO12: =SUMIFS('Historical Orders'!$G12, 'Historical Orders'!$C12, "B", 'Historical Orders'!$B12, "1") -> 14425.4 | AP12: =SUMIFS('Historical Orders'!$G12, 'Historical Orders'!$C12, "A", 'Historical Orders'!$B12, "2") -> 0 | AQ12: =SUMIFS('Historical Orders'!$G12, 'Historical Orders'!$C12, "B", 'Historical Orders'!$B12, "2") -> 0 | AT12: 41925 | AV12: =AT12 -> 41925 | AW12: =SUMIFS(E:E, A:A, AT12) -> 20009 | AX12: =SUMIFS(E:E, A:A, AT12, B:B, "1") -> 10548 | AY12: =SUMIFS(E:E, A:A, AT12, B:B, "2") -> 9461 | AZ12: =SUMIFS(E:E, A:A, AT12, C:C, "A") -> 15780 | BA12: =SUMIFS(E:E, A:A, AT12, C:C, "B") -> 4229 | BC12: =SUMIFS(G:G, A:A, AT12) -> 60434.7 | BD12: =SUMIFS(G:G, A:A, AT12, B:B, "1") -> 30742.6 | BE12: =SUMIFS(G:G, A:A, AT12, B:B, "2") -> 29692.1 | BG12: =SUMIFS(G:G, A:A, AT12, B:B, "1", D:D, "1", C:C, "A") -> 7766 | BH12: =SUMIFS(G:G, A:A, AT12, B:B, "1", D:D, "2", C:C, "A") -> 5961.6 | BI12: =SUMIFS(G:G, A:A, AT12, B:B, "1", D:D, "3", C:C, "A") -> 0 | BJ12: =SUM('Historical Orders'!$BG12:$BI12) -> 13727.6 | BL12: =SUMIFS(G:G, A:A, AT12, B:B, "1", D:D, "1", C:C, "B") -> 0 | BM12: =SUMIFS(G:G, A:A, AT12, B:B, "1", D:D, "2", C:C, "B") -> 0 | BN12: =SUMIFS(G:G, A:A, AT12, B:B, "1", D:D, "3", C:C, "B") -> 17015 | BO12: =SUM('Historical Orders'!$BL12:$BN12) -> 17015 | BQ12: =SUMIFS(G:G, A:A, AT12, B:B, "2", D:D, "1", C:C, "A") -> 6309.6 | BR12: =SUMIFS(G:G, A:A, AT12, B:B, "2", D:D, "2", C:C, "A") -> 5296.8 | BS12: =SUMIFS(G:G, A:A, AT12, B:B, "2", D:D, "3", C:C, "A") -> 0 | BT12: =SUM('Historical Orders'!$BQ12:$BS12) -> 11606.4 | BV12: =SUMIFS(G:G, A:A, AT12, B:B, "2", D:D, "1", C:C, "B") -> 0 | BW12: =SUMIFS(G:G, A:A, AT12, B:B, "2", D:D, "2", C:C, "B") -> 0 | BX12: =SUMIFS(G:G, A:A, AT12, B:B, "2", D:D, "3", C:C, "B") -> 18085.7 | BY12: =SUM('Historical Orders'!$BV12:$BX12) -> 18085.7 | CA12: =COUNTIFS(A:A, AT12, B:B, "1") -> 3 | CB12: =COUNTIFS(A:A, AT12, B:B, "2") -> 3 | CC12: =COUNTIFS(A:A, AT12, C:C, "A") -> 4 | CD12: =COUNTIFS(A:A, AT12, C:C, "B") -> 2 | CE12: =COUNTIFS(A:A, AT12, D:D, "1") -> 2 | CF12: =COUNTIFS(A:A, AT12, D:D, "2") -> 2 | CG12: =COUNTIFS(A:A, AT12, D:D, "3") -> 2
A13: 41862 | B13: 2 | C13: B | D13: 3 | E13: 2016 | F13: 8.3 | G13: 16732.8 | H13: =SUMIFS('Historical Orders'!$E13, 'Historical Orders'!$D13, "1", 'Historical Orders'!$C13, "A", 'Historical Orders'!$B13, "1") -> 0 | I13: =SUMIFS('Historical Orders'!$G13, 'Historical Orders'!$D13, "1", 'Historical Orders'!$C13, "A", 'Historical Orders'!$B13, "1") -> 0 | J13: =SUMIFS('Historical Orders'!$E13, 'Historical Orders'!$D13, "1", 'Historical Orders'!$C13, "B", 'Historical Orders'!$B13, "1") -> 0 | K13: =SUMIFS('Historical Orders'!$G13, 'Historical Orders'!$D13, "1", 'Historical Orders'!$C13, "B", 'Historical Orders'!$B13, "1") -> 0 | L13: =SUMIFS('Historical Orders'!$E13, 'Historical Orders'!$D13, "1", 'Historical Orders'!$C13, "A", 'Historical Orders'!$B13, "2") -> 0 | M13: =SUMIFS('Historical Orders'!$G13, 'Historical Orders'!$D13, "1", 'Historical Orders'!$C13, "A", 'Historical Orders'!$B13, "2") -> 0 | N13: =SUMIFS('Historical Orders'!$E13, 'Historical Orders'!$D13, "1", 'Historical Orders'!$C13, "B", 'Historical Orders'!$B13, "2") -> 0 | O13: =SUMIFS('Historical Orders'!$G13, 'Historical Orders'!$D13, "1", 'Historical Orders'!$C13, "B", 'Historical Orders'!$B13, "2") -> 0 | P13: =SUMIFS('Historical Orders'!$E13, 'Historical Orders'!$D13, "2", 'Historical Orders'!$C13, "A", 'Historical Orders'!$B13, "1") -> 0 | Q13: =SUMIFS('Historical Orders'!$G13, 'Historical Orders'!$D13, "2", 'Historical Orders'!$C13, "A", 'Historical Orders'!$B13, "1") -> 0 | R13: =SUMIFS('Historical Orders'!$E13, 'Historical Orders'!$D13, "2", 'Historical Orders'!$C13, "B", 'Historical Orders'!$B13, "1") -> 0 | S13: =SUMIFS('Historical Orders'!$G13, 'Historical Orders'!$D13, "2", 'Historical Orders'!$C13, "B", 'Historical Orders'!$B13, "1") -> 0 | T13: =SUMIFS('Historical Orders'!$E13, 'Historical Orders'!$D13, "2", 'Historical Orders'!$C13, "A", 'Historical Orders'!$B13, "2") -> 0 | U13: =SUMIFS('Historical Orders'!$G13, 'Historical Orders'!$D13, "2", 'Historical Orders'!$C13, "A", 'Historical Orders'!$B13, "2") -> 0 | V13: =SUMIFS('Historical Orders'!$E13, 'Historical Orders'!$D13, "2", 'Historical Orders'!$C13, "B", 'Historical Orders'!$B13, "2") -> 0 | W13: =SUMIFS('Historical Orders'!$G13, 'Historical Orders'!$D13, "2", 'Historical Orders'!$C13, "B", 'Historical Orders'!$B13, "2") -> 0 | X13: =SUMIFS('Historical Orders'!$E13, 'Historical Orders'!$D13, "3", 'Historical Orders'!$C13, "A", 'Historical Orders'!$B13, "1") -> 0 | Y13: =SUMIFS('Historical Orders'!$G13, 'Historical Orders'!$D13, "3", 'Historical Orders'!$C13, "A", 'Historical Orders'!$B13, "1") -> 0 | Z13: =SUMIFS('Historical Orders'!$E13, 'Historical Orders'!$D13, "3", 'Historical Orders'!$C13, "B", 'Historical Orders'!$B13, "1") -> 0 | AA13: =SUMIFS('Historical Orders'!$G13, 'Historical Orders'!$D13, "3", 'Historical Orders'!$C13, "B", 'Historical Orders'!$B13, "1") -> 0 | AB13: =SUMIFS('Historical Orders'!$E13, 'Historical Orders'!$D13, "3", 'Historical Orders'!$C13, "A", 'Historical Orders'!$B13, "2") -> 0 | AC13: =SUMIFS('Historical Orders'!$G13, 'Historical Orders'!$D13, "3", 'Historical Orders'!$C13, "A", 'Historical Orders'!$B13, "2") -> 0 | AD13: =SUMIFS('Historical Orders'!$E13, 'Historical Orders'!$D13, "3", 'Historical Orders'!$C13, "B", 'Historical Orders'!$B13, "2") -> 2016 | AE13: =SUMIFS('Historical Orders'!$G13, 'Historical Orders'!$D13, "3", 'Historical Orders'!$C13, "B", 'Historical Orders'!$B13, "2") -> 16732.8 | AF13: =SUMIFS('Historical Orders'!$E13, 'Historical Orders'!$D13, "4", 'Historical Orders'!$C13, "A", 'Historical Orders'!$B13, "1") -> 0 | AG13: =SUMIFS('Historical Orders'!$G13, 'Historical Orders'!$D13, "4", 'Historical Orders'!$C13, "A", 'Historical Orders'!$B13, "1") -> 0 | AH13: =SUMIFS('Historical Orders'!$E13, 'Historical Orders'!$D13, "4", 'Historical Orders'!$C13, "B", 'Historical Orders'!$B13, "1") -> 0 | AI13: =SUMIFS('Historical Orders'!$G13, 'Historical Orders'!$D13, "4", 'Historical Orders'!$C13, "B", 'Historical Orders'!$B13, "1") -> 0 | AJ13: =SUMIFS('Historical Orders'!$E13, 'Historical Orders'!$D13, "4", 'Historical Orders'!$C13, "A", 'Historical Orders'!$B13, "2") -> 0 | AK13: =SUMIFS('Historical Orders'!$G13, 'Historical Orders'!$D13, "4", 'Historical Orders'!$C13, "A", 'Historical Orders'!$B13, "2") -> 0 | AL13: =SUMIFS('Historical Orders'!$E13, 'Historical Orders'!$D13, "4", 'Historical Orders'!$C13, "B", 'Historical Orders'!$B13, "2") -> 0 | AM13: =SUMIFS('Historical Orders'!$G13, 'Historical Orders'!$D13, "4", 'Historical Orders'!$C13, "B", 'Historical Orders'!$B13, "2") -> 0 | AN13: =SUMIFS('Historical Orders'!$G13, 'Historical Orders'!$C13, "A", 'Historical Orders'!$B13, "1") -> 0 | AO13: =SUMIFS('Historical Orders'!$G13, 'Historical Orders'!$C13, "B", 'Historical Orders'!$B13, "1") -> 0 | AP13: =SUMIFS('Historical Orders'!$G13, 'Historical Orders'!$C13, "A", 'Historical Orders'!$B13, "2") -> 0 | AQ13: =SUMIFS('Historical Orders'!$G13, 'Historical Orders'!$C13, "B", 'Historical Orders'!$B13, "2") -> 16732.8 | AT13: 41932 | AV13: =AT13 -> 41932 | AW13: =SUMIFS(E:E, A:A, AT13) -> 23215 | AX13: =SUMIFS(E:E, A:A, AT13, B:B, "1") -> 11640 | AY13: =SUMIFS(E:E, A:A, AT13, B:B, "2") -> 11575 | AZ13: =SUMIFS(E:E, A:A, AT13, C:C, "A") -> 18787 | BA13: =SUMIFS(E:E, A:A, AT13, C:C, "B") -> 4428 | BC13: =SUMIFS(G:G, A:A, AT13) -> 66728.8 | BD13: =SUMIFS(G:G, A:A, AT13, B:B, "1") -> 31614 | BE13: =SUMIFS(G:G, A:A, AT13, B:B, "2") -> 35114.8 | BG13: =SUMIFS(G:G, A:A, AT13, B:B, "1", D:D, "1", C:C, "A") -> 9299.4 | BH13: =SUMIFS(G:G, A:A, AT13, B:B, "1", D:D, "2", C:C, "A") -> 6627.6 | BI13: =SUMIFS(G:G, A:A, AT13, B:B, "1", D:D, "3", C:C, "A") -> 0 | BJ13: =SUM('Historical Orders'!$BG13:$BI13) -> 15927 | BL13: =SUMIFS(G:G, A:A, AT13, B:B, "1", D:D, "1", C:C, "B") -> 0 | BM13: =SUMIFS(G:G, A:A, AT13, B:B, "1", D:D, "2", C:C, "B") -> 0 | BN13: =SUMIFS(G:G, A:A, AT13, B:B, "1", D:D, "3", C:C, "B") -> 15687 | BO13: =SUM('Historical Orders'!$BL13:$BN13) -> 15687 | BQ13: =SUMIFS(G:G, A:A, AT13, B:B, "2", D:D, "1", C:C, "A") -> 7051 | BR13: =SUMIFS(G:G, A:A, AT13, B:B, "2", D:D, "2", C:C, "A") -> 6998.4 | BS13: =SUMIFS(G:G, A:A, AT13, B:B, "2", D:D, "3", C:C, "A") -> 0 | BT13: =SUM('Historical Orders'!$BQ13:$BS13) -> 14049.4 | BV13: =SUMIFS(G:G, A:A, AT13, B:B, "2", D:D, "1", C:C, "B") -> 0 | BW13: =SUMIFS(G:G, A:A, AT13, B:B, "2", D:D, "2", C:C, "B") -> 0 | BX13: =SUMIFS(G:G, A:A, AT13, B:B, "2", D:D, "3", C:C, "B") -> 21065.4 | BY13: =SUM('Historical Orders'!$BV13:$BX13) -> 21065.4 | CA13: =COUNTIFS(A:A, AT13, B:B, "1") -> 3 | CB13: =COUNTIFS(A:A, AT13, B:B, "2") -> 3 | CC13: =COUNTIFS(A:A, AT13, C:C, "A") -> 4 | CD13: =COUNTIFS(A:A, AT13, C:C, "B") -> 2 | CE13: =COUNTIFS(A:A, AT13, D:D, "1") -> 2 | CF13: =COUNTIFS(A:A, AT13, D:D, "2") -> 2 | CG13: =COUNTIFS(A:A, AT13, D:D, "3") -> 2
A14: 41869 | B14: 1 | C14: A | D14: 1 | E14: 4268 | F14: 2.2 | G14: 9389.6 | H14: =SUMIFS('Historical Orders'!$E14, 'Historical Orders'!$D14, "1", 'Historical Orders'!$C14, "A", 'Historical Orders'!$B14, "1") -> 4268 | I14: =SUMIFS('Historical Orders'!$G14, 'Historical Orders'!$D14, "1", 'Historical Orders'!$C14, "A", 'Historical Orders'!$B14, "1") -> 9389.6 | J14: =SUMIFS('Historical Orders'!$E14, 'Historical Orders'!$D14, "1", 'Historical Orders'!$C14, "B", 'Historical Orders'!$B14, "1") -> 0 | K14: =SUMIFS('Historical Orders'!$G14, 'Historical Orders'!$D14, "1", 'Historical Orders'!$C14, "B", 'Historical Orders'!$B14, "1") -> 0 | L14: =SUMIFS('Historical Orders'!$E14, 'Historical Orders'!$D14, "1", 'Historical Orders'!$C14, "A", 'Historical Orders'!$B14, "2") -> 0 | M14: =SUMIFS('Historical Orders'!$G14, 'Historical Orders'!$D14, "1", 'Historical Orders'!$C14, "A", 'Historical Orders'!$B14, "2") -> 0 | N14: =SUMIFS('Historical Orders'!$E14, 'Historical Orders'!$D14, "1", 'Historical Orders'!$C14, "B", 'Historical Orders'!$B14, "2") -> 0 | O14: =SUMIFS('Historical Orders'!$G14, 'Historical Orders'!$D14, "1", 'Historical Orders'!$C14, "B", 'Historical Orders'!$B14, "2") -> 0 | P14: =SUMIFS('Historical Orders'!$E14, 'Historical Orders'!$D14, "2", 'Historical Orders'!$C14, "A", 'Historical Orders'!$B14, "1") -> 0 | Q14: =SUMIFS('Historical Orders'!$G14, 'Historical Orders'!$D14, "2", 'Historical Orders'!$C14, "A", 'Historical Orders'!$B14, "1") -> 0 | R14: =SUMIFS('Historical Orders'!$E14, 'Historical Orders'!$D14, "2", 'Historical Orders'!$C14, "B", 'Historical Orders'!$B14, "1") -> 0 | S14: =SUMIFS('Historical Orders'!$G14, 'Historical Orders'!$D14, "2", 'Historical Orders'!$C14, "B", 'Historical Orders'!$B14, "1") -> 0 | T14: =SUMIFS('Historical Orders'!$E14, 'Historical Orders'!$D14, "2", 'Historical Orders'!$C14, "A", 'Historical Orders'!$B14, "2") -> 0 | U14: =SUMIFS('Historical Orders'!$G14, 'Historical Orders'!$D14, "2", 'Historical Orders'!$C14, "A", 'Historical Orders'!$B14, "2") -> 0 | V14: =SUMIFS('Historical Orders'!$E14, 'Historical Orders'!$D14, "2", 'Historical Orders'!$C14, "B", 'Historical Orders'!$B14, "2") -> 0 | W14: =SUMIFS('Historical Orders'!$G14, 'Historical Orders'!$D14, "2", 'Historical Orders'!$C14, "B", 'Historical Orders'!$B14, "2") -> 0 | X14: =SUMIFS('Historical Orders'!$E14, 'Historical Orders'!$D14, "3", 'Historical Orders'!$C14, "A", 'Historical Orders'!$B14, "1") -> 0 | Y14: =SUMIFS('Historical Orders'!$G14, 'Historical Orders'!$D14, "3", 'Historical Orders'!$C14, "A", 'Historical Orders'!$B14, "1") -> 0 | Z14: =SUMIFS('Historical Orders'!$E14, 'Historical Orders'!$D14, "3", 'Historical Orders'!$C14, "B", 'Historical Orders'!$B14, "1") -> 0 | AA14: =SUMIFS('Historical Orders'!$G14, 'Historical Orders'!$D14, "3", 'Historical Orders'!$C14, "B", 'Historical Orders'!$B14, "1") -> 0 | AB14: =SUMIFS('Historical Orders'!$E14, 'Historical Orders'!$D14, "3", 'Historical Orders'!$C14, "A", 'Historical Orders'!$B14, "2") -> 0 | AC14: =SUMIFS('Historical Orders'!$G14, 'Historical Orders'!$D14, "3", 'Historical Orders'!$C14, "A", 'Historical Orders'!$B14, "2") -> 0 | AD14: =SUMIFS('Historical Orders'!$E14, 'Historical Orders'!$D14, "3", 'Historical Orders'!$C14, "B", 'Historical Orders'!$B14, "2") -> 0 | AE14: =SUMIFS('Historical Orders'!$G14, 'Historical Orders'!$D14, "3", 'Historical Orders'!$C14, "B", 'Historical Orders'!$B14, "2") -> 0 | AF14: =SUMIFS('Historical Orders'!$E14, 'Historical Orders'!$D14, "4", 'Historical Orders'!$C14, "A", 'Historical Orders'!$B14, "1") -> 0 | AG14: =SUMIFS('Historical Orders'!$G14, 'Historical Orders'!$D14, "4", 'Historical Orders'!$C14, "A", 'Historical Orders'!$B14, "1") -> 0 | AH14: =SUMIFS('Historical Orders'!$E14, 'Historical Orders'!$D14, "4", 'Historical Orders'!$C14, "B", 'Historical Orders'!$B14, "1") -> 0 | AI14: =SUMIFS('Historical Orders'!$G14, 'Historical Orders'!$D14, "4", 'Historical Orders'!$C14, "B", 'Historical Orders'!$B14, "1") -> 0 | AJ14: =SUMIFS('Historical Orders'!$E14, 'Historical Orders'!$D14, "4", 'Historical Orders'!$C14, "A", 'Historical Orders'!$B14, "2") -> 0 | AK14: =SUMIFS('Historical Orders'!$G14, 'Historical Orders'!$D14, "4", 'Historical Orders'!$C14, "A", 'Historical Orders'!$B14, "2") -> 0 | AL14: =SUMIFS('Historical Orders'!$E14, 'Historical Orders'!$D14, "4", 'Historical Orders'!$C14, "B", 'Historical Orders'!$B14, "2") -> 0 | AM14: =SUMIFS('Historical Orders'!$G14, 'Historical Orders'!$D14, "4", 'Historical Orders'!$C14, "B", 'Historical Orders'!$B14, "2") -> 0 | AN14: =SUMIFS('Historical Orders'!$G14, 'Historical Orders'!$C14, "A", 'Historical Orders'!$B14, "1") -> 9389.6 | AO14: =SUMIFS('Historical Orders'!$G14, 'Historical Orders'!$C14, "B", 'Historical Orders'!$B14, "1") -> 0 | AP14: =SUMIFS('Historical Orders'!$G14, 'Historical Orders'!$C14, "A", 'Historical Orders'!$B14, "2") -> 0 | AQ14: =SUMIFS('Historical Orders'!$G14, 'Historical Orders'!$C14, "B", 'Historical Orders'!$B14, "2") -> 0 | AT14: 41939 | AV14: =AT14 -> 41939 | AW14: =SUMIFS(E:E, A:A, AT14) -> 19945 | AX14: =SUMIFS(E:E, A:A, AT14, B:B, "1") -> 10566 | AY14: =SUMIFS(E:E, A:A, AT14, B:B, "2") -> 9379 | AZ14: =SUMIFS(E:E, A:A, AT14, C:C, "A") -> 15026 | BA14: =SUMIFS(E:E, A:A, AT14, C:C, "B") -> 4919 | BC14: =SUMIFS(G:G, A:A, AT14) -> 63318.9 | BD14: =SUMIFS(G:G, A:A, AT14, B:B, "1") -> 30479.8 | BE14: =SUMIFS(G:G, A:A, AT14, B:B, "2") -> 32839.1 | BG14: =SUMIFS(G:G, A:A, AT14, B:B, "1", D:D, "1", C:C, "A") -> 6578 | BH14: =SUMIFS(G:G, A:A, AT14, B:B, "1", D:D, "2", C:C, "A") -> 6588 | BI14: =SUMIFS(G:G, A:A, AT14, B:B, "1", D:D, "3", C:C, "A") -> 0 | BJ14: =SUM('Historical Orders'!$BG14:$BI14) -> 13166 | BL14: =SUMIFS(G:G, A:A, AT14, B:B, "1", D:D, "1", C:C, "B") -> 0 | BM14: =SUMIFS(G:G, A:A, AT14, B:B, "1", D:D, "2", C:C, "B") -> 0 | BN14: =SUMIFS(G:G, A:A, AT14, B:B, "1", D:D, "3", C:C, "B") -> 17313.8 | BO14: =SUM('Historical Orders'!$BL14:$BN14) -> 17313.8 | BQ14: =SUMIFS(G:G, A:A, AT14, B:B, "2", D:D, "1", C:C, "A") -> 3234 | BR14: =SUMIFS(G:G, A:A, AT14, B:B, "2", D:D, "2", C:C, "A") -> 6091.2 | BS14: =SUMIFS(G:G, A:A, AT14, B:B, "2", D:D, "3", C:C, "A") -> 0 | BT14: =SUM('Historical Orders'!$BQ14:$BS14) -> 9325.2 | BV14: =SUMIFS(G:G, A:A, AT14, B:B, "2", D:D, "1", C:C, "B") -> 0 | BW14: =SUMIFS(G:G, A:A, AT14, B:B, "2", D:D, "2", C:C, "B") -> 0 | BX14: =SUMIFS(G:G, A:A, AT14, B:B, "2", D:D, "3", C:C, "B") -> 23513.9 | BY14: =SUM('Historical Orders'!$BV14:$BX14) -> 23513.9 | CA14: =COUNTIFS(A:A, AT14, B:B, "1") -> 3 | CB14: =COUNTIFS(A:A, AT14, B:B, "2") -> 3 | CC14: =COUNTIFS(A:A, AT14, C:C, "A") -> 4 | CD14: =COUNTIFS(A:A, AT14, C:C, "B") -> 2 | CE14: =COUNTIFS(A:A, AT14, D:D, "1") -> 2 | CF14: =COUNTIFS(A:A, AT14, D:D, "2") -> 2 | CG14: =COUNTIFS(A:A, AT14, D:D, "3") -> 2
... A53: 41911 | B53: 2 | C53: A | D53: 2 | E53: 4230 | F53: 1.2 | G53: 5076 | H53: =SUMIFS('Historical Orders'!$E53, 'Historical Orders'!$D53, "1", 'Historical Orders'!$C53, "A", 'Historical Orders'!$B53, "1") -> 0 | I53: =SUMIFS('Historical Orders'!$G53, 'Historical Orders'!$D53, "1", 'Historical Orders'!$C53, "A", 'Historical Orders'!$B53, "1") -> 0 | J53: =SUMIFS('Historical Orders'!$E53, 'Historical Orders'!$D53, "1", 'Historical Orders'!$C53, "B", 'Historical Orders'!$B53, "1") -> 0 | K53: =SUMIFS('Historical Orders'!$G53, 'Historical Orders'!$D53, "1", 'Historical Orders'!$C53, "B", 'Historical Orders'!$B53, "1") -> 0 | L53: =SUMIFS('Historical Orders'!$E53, 'Historical Orders'!$D53, "1", 'Historical Orders'!$C53, "A", 'Historical Orders'!$B53, "2") -> 0 | M53: =SUMIFS('Historical Orders'!$G53, 'Historical Orders'!$D53, "1", 'Historical Orders'!$C53, "A", 'Historical Orders'!$B53, "2") -> 0 | N53: =SUMIFS('Historical Orders'!$E53, 'Historical Orders'!$D53, "1", 'Historical Orders'!$C53, "B", 'Historical Orders'!$B53, "2") -> 0 | O53: =SUMIFS('Historical Orders'!$G53, 'Historical Orders'!$D53, "1", 'Historical Orders'!$C53, "B", 'Historical Orders'!$B53, "2") -> 0 | P53: =SUMIFS('Historical Orders'!$E53, 'Historical Orders'!$D53, "2", 'Historical Orders'!$C53, "A", 'Historical Orders'!$B53, "1") -> 0 | Q53: =SUMIFS('Historical Orders'!$G53, 'Historical Orders'!$D53, "2", 'Historical Orders'!$C53, "A", 'Historical Orders'!$B53, "1") -> 0 | R53: =SUMIFS('Historical Orders'!$E53, 'Historical Orders'!$D53, "2", 'Historical Orders'!$C53, "B", 'Historical Orders'!$B53, "1") -> 0 | S53: =SUMIFS('Historical Orders'!$G53, 'Historical Orders'!$D53, "2", 'Historical Orders'!$C53, "B", 'Historical Orders'!$B53, "1") -> 0 | T53: =SUMIFS('Historical Orders'!$E53, 'Historical Orders'!$D53, "2", 'Historical Orders'!$C53, "A", 'Historical Orders'!$B53, "2") -> 4230 | U53: =SUMIFS('Historical Orders'!$G53, 'Historical Orders'!$D53, "2", 'Historical Orders'!$C53, "A", 'Historical Orders'!$B53, "2") -> 5076 | V53: =SUMIFS('Historical Orders'!$E53, 'Historical Orders'!$D53, "2", 'Historical Orders'!$C53, "B", 'Historical Orders'!$B53, "2") -> 0 | W53: =SUMIFS('Historical Orders'!$G53, 'Historical Orders'!$D53, "2", 'Historical Orders'!$C53, "B", 'Historical Orders'!$B53, "2") -> 0 | X53: =SUMIFS('Historical Orders'!$E53, 'Historical Orders'!$D53, "3", 'Historical Orders'!$C53, "A", 'Historical Orders'!$B53, "1") -> 0 | Y53: =SUMIFS('Historical Orders'!$G53, 'Historical Orders'!$D53, "3", 'Historical Orders'!$C53, "A", 'Historical Orders'!$B53, "1") -> 0 | Z53: =SUMIFS('Historical Orders'!$E53, 'Historical Orders'!$D53, "3", 'Historical Orders'!$C53, "B", 'Historical Orders'!$B53, "1") -> 0 | AA53: =SUMIFS('Historical Orders'!$G53, 'Historical Orders'!$D53, "3", 'Historical Orders'!$C53, "B", 'Historical Orders'!$B53, "1") -> 0 | AB53: =SUMIFS('Historical Orders'!$E53, 'Historical Orders'!$D53, "3", 'Historical Orders'!$C53, "A", 'Historical Orders'!$B53, "2") -> 0 | AC53: =SUMIFS('Historical Orders'!$G53, 'Historical Orders'!$D53, "3", 'Historical Orders'!$C53, "A", 'Historical Orders'!$B53, "2") -> 0 | AD53: =SUMIFS('Historical Orders'!$E53, 'Historical Orders'!$D53, "3", 'Historical Orders'!$C53, "B", 'Historical Orders'!$B53, "2") -> 0 | AE53: =SUMIFS('Historical Orders'!$G53, 'Historical Orders'!$D53, "3", 'Historical Orders'!$C53, "B", 'Historical Orders'!$B53, "2") -> 0 | AF53: =SUMIFS('Historical Orders'!$E53, 'Historical Orders'!$D53, "4", 'Historical Orders'!$C53, "A", 'Historical Orders'!$B53, "1") -> 0 | AG53: =SUMIFS('Historical Orders'!$G53, 'Historical Orders'!$D53, "4", 'Historical Orders'!$C53, "A", 'Historical Orders'!$B53, "1") -> 0 | AH53: =SUMIFS('Historical Orders'!$E53, 'Historical Orders'!$D53, "4", 'Historical Orders'!$C53, "B", 'Historical Orders'!$B53, "1") -> 0 | AI53: =SUMIFS('Historical Orders'!$G53, 'Historical Orders'!$D53, "4", 'Historical Orders'!$C53, "B", 'Historical Orders'!$B53, "1") -> 0 | AJ53: =SUMIFS('Historical Orders'!$E53, 'Historical Orders'!$D53, "4", 'Historical Orders'!$C53, "A", 'Historical Orders'!$B53, "2") -> 0 | AK53: =SUMIFS('Historical Orders'!$G53, 'Historical Orders'!$D53, "4", 'Historical Orders'!$C53, "A", 'Historical Orders'!$B53, "2") -> 0 | AL53: =SUMIFS('Historical Orders'!$E53, 'Historical Orders'!$D53, "4", 'Historical Orders'!$C53, "B", 'Historical Orders'!$B53, "2") -> 0 | AM53: =SUMIFS('Historical Orders'!$G53, 'Historical Orders'!$D53, "4", 'Historical Orders'!$C53, "B", 'Historical Orders'!$B53, "2") -> 0 | AN53: =SUMIFS('Historical Orders'!$G53, 'Historical Orders'!$C53, "A", 'Historical Orders'!$B53, "1") -> 0 | AO53: =SUMIFS('Historical Orders'!$G53, 'Historical Orders'!$C53, "B", 'Historical Orders'!$B53, "1") -> 0 | AP53: =SUMIFS('Historical Orders'!$G53, 'Historical Orders'!$C53, "A", 'Historical Orders'!$B53, "2") -> 5076 | AQ53: =SUMIFS('Historical Orders'!$G53, 'Historical Orders'!$C53, "B", 'Historical Orders'!$B53, "2") -> 0 | AT53: 42212 | AV53: =AT53 -> 42212 | AW53: =SUMIFS(E:E, A:A, AT53) -> 27891 | AX53: =SUMIFS(E:E, A:A, AT53, B:B, "1") -> 13711 | AY53: =SUMIFS(E:E, A:A, AT53, B:B, "2") -> 14180 | AZ53: =SUMIFS(E:E, A:A, AT53, C:C, "A") -> 22486 | BA53: =SUMIFS(E:E, A:A, AT53, C:C, "B") -> 5405 | BC53: =SUMIFS(G:G, A:A, AT53) -> 80806.7 | BD53: =SUMIFS(G:G, A:A, AT53, B:B, "1") -> 39361.9 | BE53: =SUMIFS(G:G, A:A, AT53, B:B, "2") -> 41444.8 | BG53: =SUMIFS(G:G, A:A, AT53, B:B, "1", D:D, "1", C:C, "A") -> 11083.6 | BH53: =SUMIFS(G:G, A:A, AT53, B:B, "1", D:D, "2", C:C, "A") -> 7387.2 | BI53: =SUMIFS(G:G, A:A, AT53, B:B, "1", D:D, "3", C:C, "A") -> 0 | BJ53: =SUM('Historical Orders'!$BG53:$BI53) -> 18470.8 | BL53: =SUMIFS(G:G, A:A, AT53, B:B, "1", D:D, "1", C:C, "B") -> 0 | BM53: =SUMIFS(G:G, A:A, AT53, B:B, "1", D:D, "2", C:C, "B") -> 0 | BN53: =SUMIFS(G:G, A:A, AT53, B:B, "1", D:D, "3", C:C, "B") -> 20891.1 | BO53: =SUM('Historical Orders'!$BL53:$BN53) -> 20891.1 | BQ53: =SUMIFS(G:G, A:A, AT53, B:B, "2", D:D, "1", C:C, "A") -> 8632.8 | BR53: =SUMIFS(G:G, A:A, AT53, B:B, "2", D:D, "2", C:C, "A") -> 8841.6 | BS53: =SUMIFS(G:G, A:A, AT53, B:B, "2", D:D, "3", C:C, "A") -> 0 | BT53: =SUM('Historical Orders'!$BQ53:$BS53) -> 17474.4 | BV53: =SUMIFS(G:G, A:A, AT53, B:B, "2", D:D, "1", C:C, "B") -> 0 | BW53: =SUMIFS(G:G, A:A, AT53, B:B, "2", D:D, "2", C:C, "B") -> 0 | BX53: =SUMIFS(G:G, A:A, AT53, B:B, "2", D:D, "3", C:C, "B") -> 23970.4 | BY53: =SUM('Historical Orders'!$BV53:$BX53) -> 23970.4 | CA53: =COUNTIFS(A:A, AT53, B:B, "1") -> 3 | CB53: =COUNTIFS(A:A, AT53, B:B, "2") -> 3 | CC53: =COUNTIFS(A:A, AT53, C:C, "A") -> 4 | CD53: =COUNTIFS(A:A, AT53, C:C, "B") -> 2 | CE53: =COUNTIFS(A:A, AT53, D:D, "1") -> 2 | CF53: =COUNTIFS(A:A, AT53, D:D, "2") -> 2 | CG53: =COUNTIFS(A:A, AT53, D:D, "3") -> 2
A54: 41911 | B54: 1 | C54: B | D54: 3 | E54: 1900 | F54: 8.3 | G54: 15770 | H54: =SUMIFS('Historical Orders'!$E54, 'Historical Orders'!$D54, "1", 'Historical Orders'!$C54, "A", 'Historical Orders'!$B54, "1") -> 0 | I54: =SUMIFS('Historical Orders'!$G54, 'Historical Orders'!$D54, "1", 'Historical Orders'!$C54, "A", 'Historical Orders'!$B54, "1") -> 0 | J54: =SUMIFS('Historical Orders'!$E54, 'Historical Orders'!$D54, "1", 'Historical Orders'!$C54, "B", 'Historical Orders'!$B54, "1") -> 0 | K54: =SUMIFS('Historical Orders'!$G54, 'Historical Orders'!$D54, "1", 'Historical Orders'!$C54, "B", 'Historical Orders'!$B54, "1") -> 0 | L54: =SUMIFS('Historical Orders'!$E54, 'Historical Orders'!$D54, "1", 'Historical Orders'!$C54, "A", 'Historical Orders'!$B54, "2") -> 0 | M54: =SUMIFS('Historical Orders'!$G54, 'Historical Orders'!$D54, "1", 'Historical Orders'!$C54, "A", 'Historical Orders'!$B54, "2") -> 0 | N54: =SUMIFS('Historical Orders'!$E54, 'Historical Orders'!$D54, "1", 'Historical Orders'!$C54, "B", 'Historical Orders'!$B54, "2") -> 0 | O54: =SUMIFS('Historical Orders'!$G54, 'Historical Orders'!$D54, "1", 'Historical Orders'!$C54, "B", 'Historical Orders'!$B54, "2") -> 0 | P54: =SUMIFS('Historical Orders'!$E54, 'Historical Orders'!$D54, "2", 'Historical Orders'!$C54, "A", 'Historical Orders'!$B54, "1") -> 0 | Q54: =SUMIFS('Historical Orders'!$G54, 'Historical Orders'!$D54, "2", 'Historical Orders'!$C54, "A", 'Historical Orders'!$B54, "1") -> 0 | R54: =SUMIFS('Historical Orders'!$E54, 'Historical Orders'!$D54, "2", 'Historical Orders'!$C54, "B", 'Historical Orders'!$B54, "1") -> 0 | S54: =SUMIFS('Historical Orders'!$G54, 'Historical Orders'!$D54, "2", 'Historical Orders'!$C54, "B", 'Historical Orders'!$B54, "1") -> 0 | T54: =SUMIFS('Historical Orders'!$E54, 'Historical Orders'!$D54, "2", 'Historical Orders'!$C54, "A", 'Historical Orders'!$B54, "2") -> 0 | U54: =SUMIFS('Historical Orders'!$G54, 'Historical Orders'!$D54, "2", 'Historical Orders'!$C54, "A", 'Historical Orders'!$B54, "2") -> 0 | V54: =SUMIFS('Historical Orders'!$E54, 'Historical Orders'!$D54, "2", 'Historical Orders'!$C54, "B", 'Historical Orders'!$B54, "2") -> 0 | W54: =SUMIFS('Historical Orders'!$G54, 'Historical Orders'!$D54, "2", 'Historical Orders'!$C54, "B", 'Historical Orders'!$B54, "2") -> 0 | X54: =SUMIFS('Historical Orders'!$E54, 'Historical Orders'!$D54, "3", 'Historical Orders'!$C54, "A", 'Historical Orders'!$B54, "1") -> 0 | Y54: =SUMIFS('Historical Orders'!$G54, 'Historical Orders'!$D54, "3", 'Historical Orders'!$C54, "A", 'Historical Orders'!$B54, "1") -> 0 | Z54: =SUMIFS('Historical Orders'!$E54, 'Historical Orders'!$D54, "3", 'Historical Orders'!$C54, "B", 'Historical Orders'!$B54, "1") -> 1900 | AA54: =SUMIFS('Historical Orders'!$G54, 'Historical Orders'!$D54, "3", 'Historical Orders'!$C54, "B", 'Historical Orders'!$B54, "1") -> 15770 | AB54: =SUMIFS('Historical Orders'!$E54, 'Historical Orders'!$D54, "3", 'Historical Orders'!$C54, "A", 'Historical Orders'!$B54, "2") -> 0 | AC54: =SUMIFS('Historical Orders'!$G54, 'Historical Orders'!$D54, "3", 'Historical Orders'!$C54, "A", 'Historical Orders'!$B54, "2") -> 0 | AD54: =SUMIFS('Historical Orders'!$E54, 'Historical Orders'!$D54, "3", 'Historical Orders'!$C54, "B", 'Historical Orders'!$B54, "2") -> 0 | AE54: =SUMIFS('Historical Orders'!$G54, 'Historical Orders'!$D54, "3", 'Historical Orders'!$C54, "B", 'Historical Orders'!$B54, "2") -> 0 | AF54: =SUMIFS('Historical Orders'!$E54, 'Historical Orders'!$D54, "4", 'Historical Orders'!$C54, "A", 'Historical Orders'!$B54, "1") -> 0 | AG54: =SUMIFS('Historical Orders'!$G54, 'Historical Orders'!$D54, "4", 'Historical Orders'!$C54, "A", 'Historical Orders'!$B54, "1") -> 0 | AH54: =SUMIFS('Historical Orders'!$E54, 'Historical Orders'!$D54, "4", 'Historical Orders'!$C54, "B", 'Historical Orders'!$B54, "1") -> 0 | AI54: =SUMIFS('Historical Orders'!$G54, 'Historical Orders'!$D54, "4", 'Historical Orders'!$C54, "B", 'Historical Orders'!$B54, "1") -> 0 | AJ54: =SUMIFS('Historical Orders'!$E54, 'Historical Orders'!$D54, "4", 'Historical Orders'!$C54, "A", 'Historical Orders'!$B54, "2") -> 0 | AK54: =SUMIFS('Historical Orders'!$G54, 'Historical Orders'!$D54, "4", 'Historical Orders'!$C54, "A", 'Historical Orders'!$B54, "2") -> 0 | AL54: =SUMIFS('Historical Orders'!$E54, 'Historical Orders'!$D54, "4", 'Historical Orders'!$C54, "B", 'Historical Orders'!$B54, "2") -> 0 | AM54: =SUMIFS('Historical Orders'!$G54, 'Historical Orders'!$D54, "4", 'Historical Orders'!$C54, "B", 'Historical Orders'!$B54, "2") -> 0 | AN54: =SUMIFS('Historical Orders'!$G54, 'Historical Orders'!$C54, "A", 'Historical Orders'!$B54, "1") -> 0 | AO54: =SUMIFS('Historical Orders'!$G54, 'Historical Orders'!$C54, "B", 'Historical Orders'!$B54, "1") -> 15770 | AP54: =SUMIFS('Historical Orders'!$G54, 'Historical Orders'!$C54, "A", 'Historical Orders'!$B54, "2") -> 0 | AQ54: =SUMIFS('Historical Orders'!$G54, 'Historical Orders'!$C54, "B", 'Historical Orders'!$B54, "2") -> 0 | AT54: ="Total Weeks: " & COUNTA(ANCHORARRAY(AT2)) -> Total Weeks: 1 | AV54: Total | AW54: =SUM('Historical Orders'!$AW$2:$AW$53) -> 1259788 | AX54: =SUM('Historical Orders'!$AX$2:$AX$53) -> 639468 | AY54: =SUM('Historical Orders'!$AY$2:$AY$53) -> 620320 | AZ54: =SUM('Historical Orders'!$AZ$2:$AZ$53) -> 1015131 | BA54: =SUM('Historical Orders'!$BA$2:$BA$53) -> 244657 | BC54: =SUM('Historical Orders'!$BC$2:$BC$53) -> 3659475.3 | BD54: =SUM('Historical Orders'!$BD$2:$BD$53) -> 1775610.9 | BE54: =SUM('Historical Orders'!$BE$2:$BE$53) -> 1883864.4 | BG54: =SUM('Historical Orders'!$BG$2:$BG$53) -> 516927.4 | BH54: =SUM('Historical Orders'!$BH$2:$BH$53) -> 354705.6 | BI54: =SUM('Historical Orders'!$BI$2:$BI$53) -> 0 | BJ54: =SUM('Historical Orders'!$BJ$2:$BJ$53) -> 871633 | BL54: =SUM('Historical Orders'!$BL$2:$BL$53) -> 0 | BM54: =SUM('Historical Orders'!$BM$2:$BM$53) -> 0 | BN54: =SUM('Historical Orders'!$BN$2:$BN$53) -> 903977.9 | BO54: =SUM('Historical Orders'!$BO$2:$BO$53) -> 903977.9 | BQ54: =SUM('Historical Orders'!$BQ$2:$BQ$53) -> 386535.6 | BR54: =SUM('Historical Orders'!$BR$2:$BR$53) -> 370653.6 | BS54: =SUM('Historical Orders'!$BS$2:$BS$53) -> 0 | BT54: =SUM('Historical Orders'!$BT$2:$BT$53) -> 757189.2 | BV54: =SUM('Historical Orders'!$BV$2:$BV$53) -> 0 | BW54: =SUM('Historical Orders'!$BW$2:$BW$53) -> 0 | BX54: =SUM('Historical Orders'!$BX$2:$BX$53) -> 1126675.2 | BY54: =SUM('Historical Orders'!$BY$2:$BY$53) -> 1126675.2 | CA54: =SUM('Historical Orders'!$CA$2:$CA$53) -> 156 | CB54: =SUM('Historical Orders'!$CB$2:$CB$53) -> 156 | CC54: =SUM('Historical Orders'!$CC$2:$CC$53) -> 208 | CD54: =SUM('Historical Orders'!$CD$2:$CD$53) -> 104 | CE54: =SUM('Historical Orders'!$CE$2:$CE$53) -> 104 | CF54: =SUM('Historical Orders'!$CF$2:$CF$53) -> 104 | CG54: =SUM('Historical Orders'!$CG$2:$CG$53) -> 104
A55: 41911 | B55: 2 | C55: B | D55: 3 | E55: 2554 | F55: 8.3 | G55: 21198.2 | H55: =SUMIFS('Historical Orders'!$E55, 'Historical Orders'!$D55, "1", 'Historical Orders'!$C55, "A", 'Historical Orders'!$B55, "1") -> 0 | I55: =SUMIFS('Historical Orders'!$G55, 'Historical Orders'!$D55, "1", 'Historical Orders'!$C55, "A", 'Historical Orders'!$B55, "1") -> 0 | J55: =SUMIFS('Historical Orders'!$E55, 'Historical Orders'!$D55, "1", 'Historical Orders'!$C55, "B", 'Historical Orders'!$B55, "1") -> 0 | K55: =SUMIFS('Historical Orders'!$G55, 'Historical Orders'!$D55, "1", 'Historical Orders'!$C55, "B", 'Historical Orders'!$B55, "1") -> 0 | L55: =SUMIFS('Historical Orders'!$E55, 'Historical Orders'!$D55, "1", 'Historical Orders'!$C55, "A", 'Historical Orders'!$B55, "2") -> 0 | M55: =SUMIFS('Historical Orders'!$G55, 'Historical Orders'!$D55, "1", 'Historical Orders'!$C55, "A", 'Historical Orders'!$B55, "2") -> 0 | N55: =SUMIFS('Historical Orders'!$E55, 'Historical Orders'!$D55, "1", 'Historical Orders'!$C55, "B", 'Historical Orders'!$B55, "2") -> 0 | O55: =SUMIFS('Historical Orders'!$G55, 'Historical Orders'!$D55, "1", 'Historical Orders'!$C55, "B", 'Historical Orders'!$B55, "2") -> 0 | P55: =SUMIFS('Historical Orders'!$E55, 'Historical Orders'!$D55, "2", 'Historical Orders'!$C55, "A", 'Historical Orders'!$B55, "1") -> 0 | Q55: =SUMIFS('Historical Orders'!$G55, 'Historical Orders'!$D55, "2", 'Historical Orders'!$C55, "A", 'Historical Orders'!$B55, "1") -> 0 | R55: =SUMIFS('Historical Orders'!$E55, 'Historical Orders'!$D55, "2", 'Historical Orders'!$C55, "B", 'Historical Orders'!$B55, "1") -> 0 | S55: =SUMIFS('Historical Orders'!$G55, 'Historical Orders'!$D55, "2", 'Historical Orders'!$C55, "B", 'Historical Orders'!$B55, "1") -> 0 | T55: =SUMIFS('Historical Orders'!$E55, 'Historical Orders'!$D55, "2", 'Historical Orders'!$C55, "A", 'Historical Orders'!$B55, "2") -> 0 | U55: =SUMIFS('Historical Orders'!$G55, 'Historical Orders'!$D55, "2", 'Historical Orders'!$C55, "A", 'Historical Orders'!$B55, "2") -> 0 | V55: =SUMIFS('Historical Orders'!$E55, 'Historical Orders'!$D55, "2", 'Historical Orders'!$C55, "B", 'Historical Orders'!$B55, "2") -> 0 | W55: =SUMIFS('Historical Orders'!$G55, 'Historical Orders'!$D55, "2", 'Historical Orders'!$C55, "B", 'Historical Orders'!$B55, "2") -> 0 | X55: =SUMIFS('Historical Orders'!$E55, 'Historical Orders'!$D55, "3", 'Historical Orders'!$C55, "A", 'Historical Orders'!$B55, "1") -> 0 | Y55: =SUMIFS('Historical Orders'!$G55, 'Historical Orders'!$D55, "3", 'Historical Orders'!$C55, "A", 'Historical Orders'!$B55, "1") -> 0 | Z55: =SUMIFS('Historical Orders'!$E55, 'Historical Orders'!$D55, "3", 'Historical Orders'!$C55, "B", 'Historical Orders'!$B55, "1") -> 0 | AA55: =SUMIFS('Historical Orders'!$G55, 'Historical Orders'!$D55, "3", 'Historical Orders'!$C55, "B", 'Historical Orders'!$B55, "1") -> 0 | AB55: =SUMIFS('Historical Orders'!$E55, 'Historical Orders'!$D55, "3", 'Historical Orders'!$C55, "A", 'Historical Orders'!$B55, "2") -> 0 | AC55: =SUMIFS('Historical Orders'!$G55, 'Historical Orders'!$D55, "3", 'Historical Orders'!$C55, "A", 'Historical Orders'!$B55, "2") -> 0 | AD55: =SUMIFS('Historical Orders'!$E55, 'Historical Orders'!$D55, "3", 'Historical Orders'!$C55, "B", 'Historical Orders'!$B55, "2") -> 2554 | AE55: =SUMIFS('Historical Orders'!$G55, 'Historical Orders'!$D55, "3", 'Historical Orders'!$C55, "B", 'Historical Orders'!$B55, "2") -> 21198.2 | AF55: =SUMIFS('Historical Orders'!$E55, 'Historical Orders'!$D55, "4", 'Historical Orders'!$C55, "A", 'Historical Orders'!$B55, "1") -> 0 | AG55: =SUMIFS('Historical Orders'!$G55, 'Historical Orders'!$D55, "4", 'Historical Orders'!$C55, "A", 'Historical Orders'!$B55, "1") -> 0 | AH55: =SUMIFS('Historical Orders'!$E55, 'Historical Orders'!$D55, "4", 'Historical Orders'!$C55, "B", 'Historical Orders'!$B55, "1") -> 0 | AI55: =SUMIFS('Historical Orders'!$G55, 'Historical Orders'!$D55, "4", 'Historical Orders'!$C55, "B", 'Historical Orders'!$B55, "1") -> 0 | AJ55: =SUMIFS('Historical Orders'!$E55, 'Historical Orders'!$D55, "4", 'Historical Orders'!$C55, "A", 'Historical Orders'!$B55, "2") -> 0 | AK55: =SUMIFS('Historical Orders'!$G55, 'Historical Orders'!$D55, "4", 'Historical Orders'!$C55, "A", 'Historical Orders'!$B55, "2") -> 0 | AL55: =SUMIFS('Historical Orders'!$E55, 'Historical Orders'!$D55, "4", 'Historical Orders'!$C55, "B", 'Historical Orders'!$B55, "2") -> 0 | AM55: =SUMIFS('Historical Orders'!$G55, 'Historical Orders'!$D55, "4", 'Historical Orders'!$C55, "B", 'Historical Orders'!$B55, "2") -> 0 | AN55: =SUMIFS('Historical Orders'!$G55, 'Historical Orders'!$C55, "A", 'Historical Orders'!$B55, "1") -> 0 | AO55: =SUMIFS('Historical Orders'!$G55, 'Historical Orders'!$C55, "B", 'Historical Orders'!$B55, "1") -> 0 | AP55: =SUMIFS('Historical Orders'!$G55, 'Historical Orders'!$C55, "A", 'Historical Orders'!$B55, "2") -> 0 | AQ55: =SUMIFS('Historical Orders'!$G55, 'Historical Orders'!$C55, "B", 'Historical Orders'!$B55, "2") -> 21198.2
A56: 41918 | B56: 1 | C56: A | D56: 1 | E56: 4228 | F56: 2.2 | G56: 9301.6 | H56: =SUMIFS('Historical Orders'!$E56, 'Historical Orders'!$D56, "1", 'Historical Orders'!$C56, "A", 'Historical Orders'!$B56, "1") -> 4228 | I56: =SUMIFS('Historical Orders'!$G56, 'Historical Orders'!$D56, "1", 'Historical Orders'!$C56, "A", 'Historical Orders'!$B56, "1") -> 9301.6 | J56: =SUMIFS('Historical Orders'!$E56, 'Historical Orders'!$D56, "1", 'Historical Orders'!$C56, "B", 'Historical Orders'!$B56, "1") -> 0 | K56: =SUMIFS('Historical Orders'!$G56, 'Historical Orders'!$D56, "1", 'Historical Orders'!$C56, "B", 'Historical Orders'!$B56, "1") -> 0 | L56: =SUMIFS('Historical Orders'!$E56, 'Historical Orders'!$D56, "1", 'Historical Orders'!$C56, "A", 'Historical Orders'!$B56, "2") -> 0 | M56: =SUMIFS('Historical Orders'!$G56, 'Historical Orders'!$D56, "1", 'Historical Orders'!$C56, "A", 'Historical Orders'!$B56, "2") -> 0 | N56: =SUMIFS('Historical Orders'!$E56, 'Historical Orders'!$D56, "1", 'Historical Orders'!$C56, "B", 'Historical Orders'!$B56, "2") -> 0 | O56: =SUMIFS('Historical Orders'!$G56, 'Historical Orders'!$D56, "1", 'Historical Orders'!$C56, "B", 'Historical Orders'!$B56, "2") -> 0 | P56: =SUMIFS('Historical Orders'!$E56, 'Historical Orders'!$D56, "2", 'Historical Orders'!$C56, "A", 'Historical Orders'!$B56, "1") -> 0 | Q56: =SUMIFS('Historical Orders'!$G56, 'Historical Orders'!$D56, "2", 'Historical Orders'!$C56, "A", 'Historical Orders'!$B56, "1") -> 0 | R56: =SUMIFS('Historical Orders'!$E56, 'Historical Orders'!$D56, "2", 'Historical Orders'!$C56, "B", 'Historical Orders'!$B56, "1") -> 0 | S56: =SUMIFS('Historical Orders'!$G56, 'Historical Orders'!$D56, "2", 'Historical Orders'!$C56, "B", 'Historical Orders'!$B56, "1") -> 0 | T56: =SUMIFS('Historical Orders'!$E56, 'Historical Orders'!$D56, "2", 'Historical Orders'!$C56, "A", 'Historical Orders'!$B56, "2") -> 0 | U56: =SUMIFS('Historical Orders'!$G56, 'Historical Orders'!$D56, "2", 'Historical Orders'!$C56, "A", 'Historical Orders'!$B56, "2") -> 0 | V56: =SUMIFS('Historical Orders'!$E56, 'Historical Orders'!$D56, "2", 'Historical Orders'!$C56, "B", 'Historical Orders'!$B56, "2") -> 0 | W56: =SUMIFS('Historical Orders'!$G56, 'Historical Orders'!$D56, "2", 'Historical Orders'!$C56, "B", 'Historical Orders'!$B56, "2") -> 0 | X56: =SUMIFS('Historical Orders'!$E56, 'Historical Orders'!$D56, "3", 'Historical Orders'!$C56, "A", 'Historical Orders'!$B56, "1") -> 0 | Y56: =SUMIFS('Historical Orders'!$G56, 'Historical Orders'!$D56, "3", 'Historical Orders'!$C56, "A", 'Historical Orders'!$B56, "1") -> 0 | Z56: =SUMIFS('Historical Orders'!$E56, 'Historical Orders'!$D56, "3", 'Historical Orders'!$C56, "B", 'Historical Orders'!$B56, "1") -> 0 | AA56: =SUMIFS('Historical Orders'!$G56, 'Historical Orders'!$D56, "3", 'Historical Orders'!$C56, "B", 'Historical Orders'!$B56, "1") -> 0 | AB56: =SUMIFS('Historical Orders'!$E56, 'Historical Orders'!$D56, "3", 'Historical Orders'!$C56, "A", 'Historical Orders'!$B56, "2") -> 0 | AC56: =SUMIFS('Historical Orders'!$G56, 'Historical Orders'!$D56, "3", 'Historical Orders'!$C56, "A", 'Historical Orders'!$B56, "2") -> 0 | AD56: =SUMIFS('Historical Orders'!$E56, 'Historical Orders'!$D56, "3", 'Historical Orders'!$C56, "B", 'Historical Orders'!$B56, "2") -> 0 | AE56: =SUMIFS('Historical Orders'!$G56, 'Historical Orders'!$D56, "3", 'Historical Orders'!$C56, "B", 'Historical Orders'!$B56, "2") -> 0 | AF56: =SUMIFS('Historical Orders'!$E56, 'Historical Orders'!$D56, "4", 'Historical Orders'!$C56, "A", 'Historical Orders'!$B56, "1") -> 0 | AG56: =SUMIFS('Historical Orders'!$G56, 'Historical Orders'!$D56, "4", 'Historical Orders'!$C56, "A", 'Historical Orders'!$B56, "1") -> 0 | AH56: =SUMIFS('Historical Orders'!$E56, 'Historical Orders'!$D56, "4", 'Historical Orders'!$C56, "B", 'Historical Orders'!$B56, "1") -> 0 | AI56: =SUMIFS('Historical Orders'!$G56, 'Historical Orders'!$D56, "4", 'Historical Orders'!$C56, "B", 'Historical Orders'!$B56, "1") -> 0 | AJ56: =SUMIFS('Historical Orders'!$E56, 'Historical Orders'!$D56, "4", 'Historical Orders'!$C56, "A", 'Historical Orders'!$B56, "2") -> 0 | AK56: =SUMIFS('Historical Orders'!$G56, 'Historical Orders'!$D56, "4", 'Historical Orders'!$C56, "A", 'Historical Orders'!$B56, "2") -> 0 | AL56: =SUMIFS('Historical Orders'!$E56, 'Historical Orders'!$D56, "4", 'Historical Orders'!$C56, "B", 'Historical Orders'!$B56, "2") -> 0 | AM56: =SUMIFS('Historical Orders'!$G56, 'Historical Orders'!$D56, "4", 'Historical Orders'!$C56, "B", 'Historical Orders'!$B56, "2") -> 0 | AN56: =SUMIFS('Historical Orders'!$G56, 'Historical Orders'!$C56, "A", 'Historical Orders'!$B56, "1") -> 9301.6 | AO56: =SUMIFS('Historical Orders'!$G56, 'Historical Orders'!$C56, "B", 'Historical Orders'!$B56, "1") -> 0 | AP56: =SUMIFS('Historical Orders'!$G56, 'Historical Orders'!$C56, "A", 'Historical Orders'!$B56, "2") -> 0 | AQ56: =SUMIFS('Historical Orders'!$G56, 'Historical Orders'!$C56, "B", 'Historical Orders'!$B56, "2") -> 0
A57: 41918 | B57: 1 | C57: A | D57: 2 | E57: 5342 | F57: 1.2 | G57: 6410.4 | H57: =SUMIFS('Historical Orders'!$E57, 'Historical Orders'!$D57, "1", 'Historical Orders'!$C57, "A", 'Historical Orders'!$B57, "1") -> 0 | I57: =SUMIFS('Historical Orders'!$G57, 'Historical Orders'!$D57, "1", 'Historical Orders'!$C57, "A", 'Historical Orders'!$B57, "1") -> 0 | J57: =SUMIFS('Historical Orders'!$E57, 'Historical Orders'!$D57, "1", 'Historical Orders'!$C57, "B", 'Historical Orders'!$B57, "1") -> 0 | K57: =SUMIFS('Historical Orders'!$G57, 'Historical Orders'!$D57, "1", 'Historical Orders'!$C57, "B", 'Historical Orders'!$B57, "1") -> 0 | L57: =SUMIFS('Historical Orders'!$E57, 'Historical Orders'!$D57, "1", 'Historical Orders'!$C57, "A", 'Historical Orders'!$B57, "2") -> 0 | M57: =SUMIFS('Historical Orders'!$G57, 'Historical Orders'!$D57, "1", 'Historical Orders'!$C57, "A", 'Historical Orders'!$B57, "2") -> 0 | N57: =SUMIFS('Historical Orders'!$E57, 'Historical Orders'!$D57, "1", 'Historical Orders'!$C57, "B", 'Historical Orders'!$B57, "2") -> 0 | O57: =SUMIFS('Historical Orders'!$G57, 'Historical Orders'!$D57, "1", 'Historical Orders'!$C57, "B", 'Historical Orders'!$B57, "2") -> 0 | P57: =SUMIFS('Historical Orders'!$E57, 'Historical Orders'!$D57, "2", 'Historical Orders'!$C57, "A", 'Historical Orders'!$B57, "1") -> 5342 | Q57: =SUMIFS('Historical Orders'!$G57, 'Historical Orders'!$D57, "2", 'Historical Orders'!$C57, "A", 'Historical Orders'!$B57, "1") -> 6410.4 | R57: =SUMIFS('Historical Orders'!$E57, 'Historical Orders'!$D57, "2", 'Historical Orders'!$C57, "B", 'Historical Orders'!$B57, "1") -> 0 | S57: =SUMIFS('Historical Orders'!$G57, 'Historical Orders'!$D57, "2", 'Historical Orders'!$C57, "B", 'Historical Orders'!$B57, "1") -> 0 | T57: =SUMIFS('Historical Orders'!$E57, 'Historical Orders'!$D57, "2", 'Historical Orders'!$C57, "A", 'Historical Orders'!$B57, "2") -> 0 | U57: =SUMIFS('Historical Orders'!$G57, 'Historical Orders'!$D57, "2", 'Historical Orders'!$C57, "A", 'Historical Orders'!$B57, "2") -> 0 | V57: =SUMIFS('Historical Orders'!$E57, 'Historical Orders'!$D57, "2", 'Historical Orders'!$C57, "B", 'Historical Orders'!$B57, "2") -> 0 | W57: =SUMIFS('Historical Orders'!$G57, 'Historical Orders'!$D57, "2", 'Historical Orders'!$C57, "B", 'Historical Orders'!$B57, "2") -> 0 | X57: =SUMIFS('Historical Orders'!$E57, 'Historical Orders'!$D57, "3", 'Historical Orders'!$C57, "A", 'Historical Orders'!$B57, "1") -> 0 | Y57: =SUMIFS('Historical Orders'!$G57, 'Historical Orders'!$D57, "3", 'Historical Orders'!$C57, "A", 'Historical Orders'!$B57, "1") -> 0 | Z57: =SUMIFS('Historical Orders'!$E57, 'Historical Orders'!$D57, "3", 'Historical Orders'!$C57, "B", 'Historical Orders'!$B57, "1") -> 0 | AA57: =SUMIFS('Historical Orders'!$G57, 'Historical Orders'!$D57, "3", 'Historical Orders'!$C57, "B", 'Historical Orders'!$B57, "1") -> 0 | AB57: =SUMIFS('Historical Orders'!$E57, 'Historical Orders'!$D57, "3", 'Historical Orders'!$C57, "A", 'Historical Orders'!$B57, "2") -> 0 | AC57: =SUMIFS('Historical Orders'!$G57, 'Historical Orders'!$D57, "3", 'Historical Orders'!$C57, "A", 'Historical Orders'!$B57, "2") -> 0 | AD57: =SUMIFS('Historical Orders'!$E57, 'Historical Orders'!$D57, "3", 'Historical Orders'!$C57, "B", 'Historical Orders'!$B57, "2") -> 0 | AE57: =SUMIFS('Historical Orders'!$G57, 'Historical Orders'!$D57, "3", 'Historical Orders'!$C57, "B", 'Historical Orders'!$B57, "2") -> 0 | AF57: =SUMIFS('Historical Orders'!$E57, 'Historical Orders'!$D57, "4", 'Historical Orders'!$C57, "A", 'Historical Orders'!$B57, "1") -> 0 | AG57: =SUMIFS('Historical Orders'!$G57, 'Historical Orders'!$D57, "4", 'Historical Orders'!$C57, "A", 'Historical Orders'!$B57, "1") -> 0 | AH57: =SUMIFS('Historical Orders'!$E57, 'Historical Orders'!$D57, "4", 'Historical Orders'!$C57, "B", 'Historical Orders'!$B57, "1") -> 0 | AI57: =SUMIFS('Historical Orders'!$G57, 'Historical Orders'!$D57, "4", 'Historical Orders'!$C57, "B", 'Historical Orders'!$B57, "1") -> 0 | AJ57: =SUMIFS('Historical Orders'!$E57, 'Historical Orders'!$D57, "4", 'Historical Orders'!$C57, "A", 'Historical Orders'!$B57, "2") -> 0 | AK57: =SUMIFS('Historical Orders'!$G57, 'Historical Orders'!$D57, "4", 'Historical Orders'!$C57, "A", 'Historical Orders'!$B57, "2") -> 0 | AL57: =SUMIFS('Historical Orders'!$E57, 'Historical Orders'!$D57, "4", 'Historical Orders'!$C57, "B", 'Historical Orders'!$B57, "2") -> 0 | AM57: =SUMIFS('Historical Orders'!$G57, 'Historical Orders'!$D57, "4", 'Historical Orders'!$C57, "B", 'Historical Orders'!$B57, "2") -> 0 | AN57: =SUMIFS('Historical Orders'!$G57, 'Historical Orders'!$C57, "A", 'Historical Orders'!$B57, "1") -> 6410.4 | AO57: =SUMIFS('Historical Orders'!$G57, 'Historical Orders'!$C57, "B", 'Historical Orders'!$B57, "1") -> 0 | AP57: =SUMIFS('Historical Orders'!$G57, 'Historical Orders'!$C57, "A", 'Historical Orders'!$B57, "2") -> 0 | AQ57: =SUMIFS('Historical Orders'!$G57, 'Historical Orders'!$C57, "B", 'Historical Orders'!$B57, "2") -> 0
A58: 41918 | B58: 2 | C58: A | D58: 1 | E58: 2897 | F58: 2.2 | G58: 6373.4 | H58: =SUMIFS('Historical Orders'!$E58, 'Historical Orders'!$D58, "1", 'Historical Orders'!$C58, "A", 'Historical Orders'!$B58, "1") -> 0 | I58: =SUMIFS('Historical Orders'!$G58, 'Historical Orders'!$D58, "1", 'Historical Orders'!$C58, "A", 'Historical Orders'!$B58, "1") -> 0 | J58: =SUMIFS('Historical Orders'!$E58, 'Historical Orders'!$D58, "1", 'Historical Orders'!$C58, "B", 'Historical Orders'!$B58, "1") -> 0 | K58: =SUMIFS('Historical Orders'!$G58, 'Historical Orders'!$D58, "1", 'Historical Orders'!$C58, "B", 'Historical Orders'!$B58, "1") -> 0 | L58: =SUMIFS('Historical Orders'!$E58, 'Historical Orders'!$D58, "1", 'Historical Orders'!$C58, "A", 'Historical Orders'!$B58, "2") -> 2897 | M58: =SUMIFS('Historical Orders'!$G58, 'Historical Orders'!$D58, "1", 'Historical Orders'!$C58, "A", 'Historical Orders'!$B58, "2") -> 6373.4 | N58: =SUMIFS('Historical Orders'!$E58, 'Historical Orders'!$D58, "1", 'Historical Orders'!$C58, "B", 'Historical Orders'!$B58, "2") -> 0 | O58: =SUMIFS('Historical Orders'!$G58, 'Historical Orders'!$D58, "1", 'Historical Orders'!$C58, "B", 'Historical Orders'!$B58, "2") -> 0 | P58: =SUMIFS('Historical Orders'!$E58, 'Historical Orders'!$D58, "2", 'Historical Orders'!$C58, "A", 'Historical Orders'!$B58, "1") -> 0 | Q58: =SUMIFS('Historical Orders'!$G58, 'Historical Orders'!$D58, "2", 'Historical Orders'!$C58, "A", 'Historical Orders'!$B58, "1") -> 0 | R58: =SUMIFS('Historical Orders'!$E58, 'Historical Orders'!$D58, "2", 'Historical Orders'!$C58, "B", 'Historical Orders'!$B58, "1") -> 0 | S58: =SUMIFS('Historical Orders'!$G58, 'Historical Orders'!$D58, "2", 'Historical Orders'!$C58, "B", 'Historical Orders'!$B58, "1") -> 0 | T58: =SUMIFS('Historical Orders'!$E58, 'Historical Orders'!$D58, "2", 'Historical Orders'!$C58, "A", 'Historical Orders'!$B58, "2") -> 0 | U58: =SUMIFS('Historical Orders'!$G58, 'Historical Orders'!$D58, "2", 'Historical Orders'!$C58, "A", 'Historical Orders'!$B58, "2") -> 0 | V58: =SUMIFS('Historical Orders'!$E58, 'Historical Orders'!$D58, "2", 'Historical Orders'!$C58, "B", 'Historical Orders'!$B58, "2") -> 0 | W58: =SUMIFS('Historical Orders'!$G58, 'Historical Orders'!$D58, "2", 'Historical Orders'!$C58, "B", 'Historical Orders'!$B58, "2") -> 0 | X58: =SUMIFS('Historical Orders'!$E58, 'Historical Orders'!$D58, "3", 'Historical Orders'!$C58, "A", 'Historical Orders'!$B58, "1") -> 0 | Y58: =SUMIFS('Historical Orders'!$G58, 'Historical Orders'!$D58, "3", 'Historical Orders'!$C58, "A", 'Historical Orders'!$B58, "1") -> 0 | Z58: =SUMIFS('Historical Orders'!$E58, 'Historical Orders'!$D58, "3", 'Historical Orders'!$C58, "B", 'Historical Orders'!$B58, "1") -> 0 | AA58: =SUMIFS('Historical Orders'!$G58, 'Historical Orders'!$D58, "3", 'Historical Orders'!$C58, "B", 'Historical Orders'!$B58, "1") -> 0 | AB58: =SUMIFS('Historical Orders'!$E58, 'Historical Orders'!$D58, "3", 'Historical Orders'!$C58, "A", 'Historical Orders'!$B58, "2") -> 0 | AC58: =SUMIFS('Historical Orders'!$G58, 'Historical Orders'!$D58, "3", 'Historical Orders'!$C58, "A", 'Historical Orders'!$B58, "2") -> 0 | AD58: =SUMIFS('Historical Orders'!$E58, 'Historical Orders'!$D58, "3", 'Historical Orders'!$C58, "B", 'Historical Orders'!$B58, "2") -> 0 | AE58: =SUMIFS('Historical Orders'!$G58, 'Historical Orders'!$D58, "3", 'Historical Orders'!$C58, "B", 'Historical Orders'!$B58, "2") -> 0 | AF58: =SUMIFS('Historical Orders'!$E58, 'Historical Orders'!$D58, "4", 'Historical Orders'!$C58, "A", 'Historical Orders'!$B58, "1") -> 0 | AG58: =SUMIFS('Historical Orders'!$G58, 'Historical Orders'!$D58, "4", 'Historical Orders'!$C58, "A", 'Historical Orders'!$B58, "1") -> 0 | AH58: =SUMIFS('Historical Orders'!$E58, 'Historical Orders'!$D58, "4", 'Historical Orders'!$C58, "B", 'Historical Orders'!$B58, "1") -> 0 | AI58: =SUMIFS('Historical Orders'!$G58, 'Historical Orders'!$D58, "4", 'Historical Orders'!$C58, "B", 'Historical Orders'!$B58, "1") -> 0 | AJ58: =SUMIFS('Historical Orders'!$E58, 'Historical Orders'!$D58, "4", 'Historical Orders'!$C58, "A", 'Historical Orders'!$B58, "2") -> 0 | AK58: =SUMIFS('Historical Orders'!$G58, 'Historical Orders'!$D58, "4", 'Historical Orders'!$C58, "A", 'Historical Orders'!$B58, "2") -> 0 | AL58: =SUMIFS('Historical Orders'!$E58, 'Historical Orders'!$D58, "4", 'Historical Orders'!$C58, "B", 'Historical Orders'!$B58, "2") -> 0 | AM58: =SUMIFS('Historical Orders'!$G58, 'Historical Orders'!$D58, "4", 'Historical Orders'!$C58, "B", 'Historical Orders'!$B58, "2") -> 0 | AN58: =SUMIFS('Historical Orders'!$G58, 'Historical Orders'!$C58, "A", 'Historical Orders'!$B58, "1") -> 0 | AO58: =SUMIFS('Historical Orders'!$G58, 'Historical Orders'!$C58, "B", 'Historical Orders'!$B58, "1") -> 0 | AP58: =SUMIFS('Historical Orders'!$G58, 'Historical Orders'!$C58, "A", 'Historical Orders'!$B58, "2") -> 6373.4 | AQ58: =SUMIFS('Historical Orders'!$G58, 'Historical Orders'!$C58, "B", 'Historical Orders'!$B58, "2") -> 0
A59: 41918 | B59: 2 | C59: A | D59: 2 | E59: 4895 | F59: 1.2 | G59: 5874 | H59: =SUMIFS('Historical Orders'!$E59, 'Historical Orders'!$D59, "1", 'Historical Orders'!$C59, "A", 'Historical Orders'!$B59, "1") -> 0 | I59: =SUMIFS('Historical Orders'!$G59, 'Historical Orders'!$D59, "1", 'Historical Orders'!$C59, "A", 'Historical Orders'!$B59, "1") -> 0 | J59: =SUMIFS('Historical Orders'!$E59, 'Historical Orders'!$D59, "1", 'Historical Orders'!$C59, "B", 'Historical Orders'!$B59, "1") -> 0 | K59: =SUMIFS('Historical Orders'!$G59, 'Historical Orders'!$D59, "1", 'Historical Orders'!$C59, "B", 'Historical Orders'!$B59, "1") -> 0 | L59: =SUMIFS('Historical Orders'!$E59, 'Historical Orders'!$D59, "1", 'Historical Orders'!$C59, "A", 'Historical Orders'!$B59, "2") -> 0 | M59: =SUMIFS('Historical Orders'!$G59, 'Historical Orders'!$D59, "1", 'Historical Orders'!$C59, "A", 'Historical Orders'!$B59, "2") -> 0 | N59: =SUMIFS('Historical Orders'!$E59, 'Historical Orders'!$D59, "1", 'Historical Orders'!$C59, "B", 'Historical Orders'!$B59, "2") -> 0 | O59: =SUMIFS('Historical Orders'!$G59, 'Historical Orders'!$D59, "1", 'Historical Orders'!$C59, "B", 'Historical Orders'!$B59, "2") -> 0 | P59: =SUMIFS('Historical Orders'!$E59, 'Historical Orders'!$D59, "2", 'Historical Orders'!$C59, "A", 'Historical Orders'!$B59, "1") -> 0 | Q59: =SUMIFS('Historical Orders'!$G59, 'Historical Orders'!$D59, "2", 'Historical Orders'!$C59, "A", 'Historical Orders'!$B59, "1") -> 0 | R59: =SUMIFS('Historical Orders'!$E59, 'Historical Orders'!$D59, "2", 'Historical Orders'!$C59, "B", 'Historical Orders'!$B59, "1") -> 0 | S59: =SUMIFS('Historical Orders'!$G59, 'Historical Orders'!$D59, "2", 'Historical Orders'!$C59, "B", 'Historical Orders'!$B59, "1") -> 0 | T59: =SUMIFS('Historical Orders'!$E59, 'Historical Orders'!$D59, "2", 'Historical Orders'!$C59, "A", 'Historical Orders'!$B59, "2") -> 4895 | U59: =SUMIFS('Historical Orders'!$G59, 'Historical Orders'!$D59, "2", 'Historical Orders'!$C59, "A", 'Historical Orders'!$B59, "2") -> 5874 | V59: =SUMIFS('Historical Orders'!$E59, 'Historical Orders'!$D59, "2", 'Historical Orders'!$C59, "B", 'Historical Orders'!$B59, "2") -> 0 | W59: =SUMIFS('Historical Orders'!$G59, 'Historical Orders'!$D59, "2", 'Historical Orders'!$C59, "B", 'Historical Orders'!$B59, "2") -> 0 | X59: =SUMIFS('Historical Orders'!$E59, 'Historical Orders'!$D59, "3", 'Historical Orders'!$C59, "A", 'Historical Orders'!$B59, "1") -> 0 | Y59: =SUMIFS('Historical Orders'!$G59, 'Historical Orders'!$D59, "3", 'Historical Orders'!$C59, "A", 'Historical Orders'!$B59, "1") -> 0 | Z59: =SUMIFS('Historical Orders'!$E59, 'Historical Orders'!$D59, "3", 'Historical Orders'!$C59, "B", 'Historical Orders'!$B59, "1") -> 0 | AA59: =SUMIFS('Historical Orders'!$G59, 'Historical Orders'!$D59, "3", 'Historical Orders'!$C59, "B", 'Historical Orders'!$B59, "1") -> 0 | AB59: =SUMIFS('Historical Orders'!$E59, 'Historical Orders'!$D59, "3", 'Historical Orders'!$C59, "A", 'Historical Orders'!$B59, "2") -> 0 | AC59: =SUMIFS('Historical Orders'!$G59, 'Historical Orders'!$D59, "3", 'Historical Orders'!$C59, "A", 'Historical Orders'!$B59, "2") -> 0 | AD59: =SUMIFS('Historical Orders'!$E59, 'Historical Orders'!$D59, "3", 'Historical Orders'!$C59, "B", 'Historical Orders'!$B59, "2") -> 0 | AE59: =SUMIFS('Historical Orders'!$G59, 'Historical Orders'!$D59, "3", 'Historical Orders'!$C59, "B", 'Historical Orders'!$B59, "2") -> 0 | AF59: =SUMIFS('Historical Orders'!$E59, 'Historical Orders'!$D59, "4", 'Historical Orders'!$C59, "A", 'Historical Orders'!$B59, "1") -> 0 | AG59: =SUMIFS('Historical Orders'!$G59, 'Historical Orders'!$D59, "4", 'Historical Orders'!$C59, "A", 'Historical Orders'!$B59, "1") -> 0 | AH59: =SUMIFS('Historical Orders'!$E59, 'Historical Orders'!$D59, "4", 'Historical Orders'!$C59, "B", 'Historical Orders'!$B59, "1") -> 0 | AI59: =SUMIFS('Historical Orders'!$G59, 'Historical Orders'!$D59, "4", 'Historical Orders'!$C59, "B", 'Historical Orders'!$B59, "1") -> 0 | AJ59: =SUMIFS('Historical Orders'!$E59, 'Historical Orders'!$D59, "4", 'Historical Orders'!$C59, "A", 'Historical Orders'!$B59, "2") -> 0 | AK59: =SUMIFS('Historical Orders'!$G59, 'Historical Orders'!$D59, "4", 'Historical Orders'!$C59, "A", 'Historical Orders'!$B59, "2") -> 0 | AL59: =SUMIFS('Historical Orders'!$E59, 'Historical Orders'!$D59, "4", 'Historical Orders'!$C59, "B", 'Historical Orders'!$B59, "2") -> 0 | AM59: =SUMIFS('Historical Orders'!$G59, 'Historical Orders'!$D59, "4", 'Historical Orders'!$C59, "B", 'Historical Orders'!$B59, "2") -> 0 | AN59: =SUMIFS('Historical Orders'!$G59, 'Historical Orders'!$C59, "A", 'Historical Orders'!$B59, "1") -> 0 | AO59: =SUMIFS('Historical Orders'!$G59, 'Historical Orders'!$C59, "B", 'Historical Orders'!$B59, "1") -> 0 | AP59: =SUMIFS('Historical Orders'!$G59, 'Historical Orders'!$C59, "A", 'Historical Orders'!$B59, "2") -> 5874 | AQ59: =SUMIFS('Historical Orders'!$G59, 'Historical Orders'!$C59, "B", 'Historical Orders'!$B59, "2") -> 0
A60: 41918 | B60: 1 | C60: B | D60: 3 | E60: 2038 | F60: 8.3 | G60: 16915.4 | H60: =SUMIFS('Historical Orders'!$E60, 'Historical Orders'!$D60, "1", 'Historical Orders'!$C60, "A", 'Historical Orders'!$B60, "1") -> 0 | I60: =SUMIFS('Historical Orders'!$G60, 'Historical Orders'!$D60, "1", 'Historical Orders'!$C60, "A", 'Historical Orders'!$B60, "1") -> 0 | J60: =SUMIFS('Historical Orders'!$E60, 'Historical Orders'!$D60, "1", 'Historical Orders'!$C60, "B", 'Historical Orders'!$B60, "1") -> 0 | K60: =SUMIFS('Historical Orders'!$G60, 'Historical Orders'!$D60, "1", 'Historical Orders'!$C60, "B", 'Historical Orders'!$B60, "1") -> 0 | L60: =SUMIFS('Historical Orders'!$E60, 'Historical Orders'!$D60, "1", 'Historical Orders'!$C60, "A", 'Historical Orders'!$B60, "2") -> 0 | M60: =SUMIFS('Historical Orders'!$G60, 'Historical Orders'!$D60, "1", 'Historical Orders'!$C60, "A", 'Historical Orders'!$B60, "2") -> 0 | N60: =SUMIFS('Historical Orders'!$E60, 'Historical Orders'!$D60, "1", 'Historical Orders'!$C60, "B", 'Historical Orders'!$B60, "2") -> 0 | O60: =SUMIFS('Historical Orders'!$G60, 'Historical Orders'!$D60, "1", 'Historical Orders'!$C60, "B", 'Historical Orders'!$B60, "2") -> 0 | P60: =SUMIFS('Historical Orders'!$E60, 'Historical Orders'!$D60, "2", 'Historical Orders'!$C60, "A", 'Historical Orders'!$B60, "1") -> 0 | Q60: =SUMIFS('Historical Orders'!$G60, 'Historical Orders'!$D60, "2", 'Historical Orders'!$C60, "A", 'Historical Orders'!$B60, "1") -> 0 | R60: =SUMIFS('Historical Orders'!$E60, 'Historical Orders'!$D60, "2", 'Historical Orders'!$C60, "B", 'Historical Orders'!$B60, "1") -> 0 | S60: =SUMIFS('Historical Orders'!$G60, 'Historical Orders'!$D60, "2", 'Historical Orders'!$C60, "B", 'Historical Orders'!$B60, "1") -> 0 | T60: =SUMIFS('Historical Orders'!$E60, 'Historical Orders'!$D60, "2", 'Historical Orders'!$C60, "A", 'Historical Orders'!$B60, "2") -> 0 | U60: =SUMIFS('Historical Orders'!$G60, 'Historical Orders'!$D60, "2", 'Historical Orders'!$C60, "A", 'Historical Orders'!$B60, "2") -> 0 | V60: =SUMIFS('Historical Orders'!$E60, 'Historical Orders'!$D60, "2", 'Historical Orders'!$C60, "B", 'Historical Orders'!$B60, "2") -> 0 | W60: =SUMIFS('Historical Orders'!$G60, 'Historical Orders'!$D60, "2", 'Historical Orders'!$C60, "B", 'Historical Orders'!$B60, "2") -> 0 | X60: =SUMIFS('Historical Orders'!$E60, 'Historical Orders'!$D60, "3", 'Historical Orders'!$C60, "A", 'Historical Orders'!$B60, "1") -> 0 | Y60: =SUMIFS('Historical Orders'!$G60, 'Historical Orders'!$D60, "3", 'Historical Orders'!$C60, "A", 'Historical Orders'!$B60, "1") -> 0 | Z60: =SUMIFS('Historical Orders'!$E60, 'Historical Orders'!$D60, "3", 'Historical Orders'!$C60, "B", 'Historical Orders'!$B60, "1") -> 2038 | AA60: =SUMIFS('Historical Orders'!$G60, 'Historical Orders'!$D60, "3", 'Historical Orders'!$C60, "B", 'Historical Orders'!$B60, "1") -> 16915.4 | AB60: =SUMIFS('Historical Orders'!$E60, 'Historical Orders'!$D60, "3", 'Historical Orders'!$C60, "A", 'Historical Orders'!$B60, "2") -> 0 | AC60: =SUMIFS('Historical Orders'!$G60, 'Historical Orders'!$D60, "3", 'Historical Orders'!$C60, "A", 'Historical Orders'!$B60, "2") -> 0 | AD60: =SUMIFS('Historical Orders'!$E60, 'Historical Orders'!$D60, "3", 'Historical Orders'!$C60, "B", 'Historical Orders'!$B60, "2") -> 0 | AE60: =SUMIFS('Historical Orders'!$G60, 'Historical Orders'!$D60, "3", 'Historical Orders'!$C60, "B", 'Historical Orders'!$B60, "2") -> 0 | AF60: =SUMIFS('Historical Orders'!$E60, 'Historical Orders'!$D60, "4", 'Historical Orders'!$C60, "A", 'Historical Orders'!$B60, "1") -> 0 | AG60: =SUMIFS('Historical Orders'!$G60, 'Historical Orders'!$D60, "4", 'Historical Orders'!$C60, "A", 'Historical Orders'!$B60, "1") -> 0 | AH60: =SUMIFS('Historical Orders'!$E60, 'Historical Orders'!$D60, "4", 'Historical Orders'!$C60, "B", 'Historical Orders'!$B60, "1") -> 0 | AI60: =SUMIFS('Historical Orders'!$G60, 'Historical Orders'!$D60, "4", 'Historical Orders'!$C60, "B", 'Historical Orders'!$B60, "1") -> 0 | AJ60: =SUMIFS('Historical Orders'!$E60, 'Historical Orders'!$D60, "4", 'Historical Orders'!$C60, "A", 'Historical Orders'!$B60, "2") -> 0 | AK60: =SUMIFS('Historical Orders'!$G60, 'Historical Orders'!$D60, "4", 'Historical Orders'!$C60, "A", 'Historical Orders'!$B60, "2") -> 0 | AL60: =SUMIFS('Historical Orders'!$E60, 'Historical Orders'!$D60, "4", 'Historical Orders'!$C60, "B", 'Historical Orders'!$B60, "2") -> 0 | AM60: =SUMIFS('Historical Orders'!$G60, 'Historical Orders'!$D60, "4", 'Historical Orders'!$C60, "B", 'Historical Orders'!$B60, "2") -> 0 | AN60: =SUMIFS('Historical Orders'!$G60, 'Historical Orders'!$C60, "A", 'Historical Orders'!$B60, "1") -> 0 | AO60: =SUMIFS('Historical Orders'!$G60, 'Historical Orders'!$C60, "B", 'Historical Orders'!$B60, "1") -> 16915.4 | AP60: =SUMIFS('Historical Orders'!$G60, 'Historical Orders'!$C60, "A", 'Historical Orders'!$B60, "2") -> 0 | AQ60: =SUMIFS('Historical Orders'!$G60, 'Historical Orders'!$C60, "B", 'Historical Orders'!$B60, "2") -> 0
A61: 41918 | B61: 2 | C61: B | D61: 3 | E61: 2161 | F61: 8.3 | G61: 17936.3 | H61: =SUMIFS('Historical Orders'!$E61, 'Historical Orders'!$D61, "1", 'Historical Orders'!$C61, "A", 'Historical Orders'!$B61, "1") -> 0 | I61: =SUMIFS('Historical Orders'!$G61, 'Historical Orders'!$D61, "1", 'Historical Orders'!$C61, "A", 'Historical Orders'!$B61, "1") -> 0 | J61: =SUMIFS('Historical Orders'!$E61, 'Historical Orders'!$D61, "1", 'Historical Orders'!$C61, "B", 'Historical Orders'!$B61, "1") -> 0 | K61: =SUMIFS('Historical Orders'!$G61, 'Historical Orders'!$D61, "1", 'Historical Orders'!$C61, "B", 'Historical Orders'!$B61, "1") -> 0 | L61: =SUMIFS('Historical Orders'!$E61, 'Historical Orders'!$D61, "1", 'Historical Orders'!$C61, "A", 'Historical Orders'!$B61, "2") -> 0 | M61: =SUMIFS('Historical Orders'!$G61, 'Historical Orders'!$D61, "1", 'Historical Orders'!$C61, "A", 'Historical Orders'!$B61, "2") -> 0 | N61: =SUMIFS('Historical Orders'!$E61, 'Historical Orders'!$D61, "1", 'Historical Orders'!$C61, "B", 'Historical Orders'!$B61, "2") -> 0 | O61: =SUMIFS('Historical Orders'!$G61, 'Historical Orders'!$D61, "1", 'Historical Orders'!$C61, "B", 'Historical Orders'!$B61, "2") -> 0 | P61: =SUMIFS('Historical Orders'!$E61, 'Historical Orders'!$D61, "2", 'Historical Orders'!$C61, "A", 'Historical Orders'!$B61, "1") -> 0 | Q61: =SUMIFS('Historical Orders'!$G61, 'Historical Orders'!$D61, "2", 'Historical Orders'!$C61, "A", 'Historical Orders'!$B61, "1") -> 0 | R61: =SUMIFS('Historical Orders'!$E61, 'Historical Orders'!$D61, "2", 'Historical Orders'!$C61, "B", 'Historical Orders'!$B61, "1") -> 0 | S61: =SUMIFS('Historical Orders'!$G61, 'Historical Orders'!$D61, "2", 'Historical Orders'!$C61, "B", 'Historical Orders'!$B61, "1") -> 0 | T61: =SUMIFS('Historical Orders'!$E61, 'Historical Orders'!$D61, "2", 'Historical Orders'!$C61, "A", 'Historical Orders'!$B61, "2") -> 0 | U61: =SUMIFS('Historical Orders'!$G61, 'Historical Orders'!$D61, "2", 'Historical Orders'!$C61, "A", 'Historical Orders'!$B61, "2") -> 0 | V61: =SUMIFS('Historical Orders'!$E61, 'Historical Orders'!$D61, "2", 'Historical Orders'!$C61, "B", 'Historical Orders'!$B61, "2") -> 0 | W61: =SUMIFS('Historical Orders'!$G61, 'Historical Orders'!$D61, "2", 'Historical Orders'!$C61, "B", 'Historical Orders'!$B61, "2") -> 0 | X61: =SUMIFS('Historical Orders'!$E61, 'Historical Orders'!$D61, "3", 'Historical Orders'!$C61, "A", 'Historical Orders'!$B61, "1") -> 0 | Y61: =SUMIFS('Historical Orders'!$G61, 'Historical Orders'!$D61, "3", 'Historical Orders'!$C61, "A", 'Historical Orders'!$B61, "1") -> 0 | Z61: =SUMIFS('Historical Orders'!$E61, 'Historical Orders'!$D61, "3", 'Historical Orders'!$C61, "B", 'Historical Orders'!$B61, "1") -> 0 | AA61: =SUMIFS('Historical Orders'!$G61, 'Historical Orders'!$D61, "3", 'Historical Orders'!$C61, "B", 'Historical Orders'!$B61, "1") -> 0 | AB61: =SUMIFS('Historical Orders'!$E61, 'Historical Orders'!$D61, "3", 'Historical Orders'!$C61, "A", 'Historical Orders'!$B61, "2") -> 0 | AC61: =SUMIFS('Historical Orders'!$G61, 'Historical Orders'!$D61, "3", 'Historical Orders'!$C61, "A", 'Historical Orders'!$B61, "2") -> 0 | AD61: =SUMIFS('Historical Orders'!$E61, 'Historical Orders'!$D61, "3", 'Historical Orders'!$C61, "B", 'Historical Orders'!$B61, "2") -> 2161 | AE61: =SUMIFS('Historical Orders'!$G61, 'Historical Orders'!$D61, "3", 'Historical Orders'!$C61, "B", 'Historical Orders'!$B61, "2") -> 17936.3 | AF61: =SUMIFS('Historical Orders'!$E61, 'Historical Orders'!$D61, "4", 'Historical Orders'!$C61, "A", 'Historical Orders'!$B61, "1") -> 0 | AG61: =SUMIFS('Historical Orders'!$G61, 'Historical Orders'!$D61, "4", 'Historical Orders'!$C61, "A", 'Historical Orders'!$B61, "1") -> 0 | AH61: =SUMIFS('Historical Orders'!$E61, 'Historical Orders'!$D61, "4", 'Historical Orders'!$C61, "B", 'Historical Orders'!$B61, "1") -> 0 | AI61: =SUMIFS('Historical Orders'!$G61, 'Historical Orders'!$D61, "4", 'Historical Orders'!$C61, "B", 'Historical Orders'!$B61, "1") -> 0 | AJ61: =SUMIFS('Historical Orders'!$E61, 'Historical Orders'!$D61, "4", 'Historical Orders'!$C61, "A", 'Historical Orders'!$B61, "2") -> 0 | AK61: =SUMIFS('Historical Orders'!$G61, 'Historical Orders'!$D61, "4", 'Historical Orders'!$C61, "A", 'Historical Orders'!$B61, "2") -> 0 | AL61: =SUMIFS('Historical Orders'!$E61, 'Historical Orders'!$D61, "4", 'Historical Orders'!$C61, "B", 'Historical Orders'!$B61, "2") -> 0 | AM61: =SUMIFS('Historical Orders'!$G61, 'Historical Orders'!$D61, "4", 'Historical Orders'!$C61, "B", 'Historical Orders'!$B61, "2") -> 0 | AN61: =SUMIFS('Historical Orders'!$G61, 'Historical Orders'!$C61, "A", 'Historical Orders'!$B61, "1") -> 0 | AO61: =SUMIFS('Historical Orders'!$G61, 'Historical Orders'!$C61, "B", 'Historical Orders'!$B61, "1") -> 0 | AP61: =SUMIFS('Historical Orders'!$G61, 'Historical Orders'!$C61, "A", 'Historical Orders'!$B61, "2") -> 0 | AQ61: =SUMIFS('Historical Orders'!$G61, 'Historical Orders'!$C61, "B", 'Historical Orders'!$B61, "2") -> 17936.3
A62: 41925 | B62: 1 | C62: A | D62: 1 | E62: 3530 | F62: 2.2 | G62: 7766 | H62: =SUMIFS('Historical Orders'!$E62, 'Historical Orders'!$D62, "1", 'Historical Orders'!$C62, "A", 'Historical Orders'!$B62, "1") -> 3530 | I62: =SUMIFS('Historical Orders'!$G62, 'Historical Orders'!$D62, "1", 'Historical Orders'!$C62, "A", 'Historical Orders'!$B62, "1") -> 7766 | J62: =SUMIFS('Historical Orders'!$E62, 'Historical Orders'!$D62, "1", 'Historical Orders'!$C62, "B", 'Historical Orders'!$B62, "1") -> 0 | K62: =SUMIFS('Historical Orders'!$G62, 'Historical Orders'!$D62, "1", 'Historical Orders'!$C62, "B", 'Historical Orders'!$B62, "1") -> 0 | L62: =SUMIFS('Historical Orders'!$E62, 'Historical Orders'!$D62, "1", 'Historical Orders'!$C62, "A", 'Historical Orders'!$B62, "2") -> 0 | M62: =SUMIFS('Historical Orders'!$G62, 'Historical Orders'!$D62, "1", 'Historical Orders'!$C62, "A", 'Historical Orders'!$B62, "2") -> 0 | N62: =SUMIFS('Historical Orders'!$E62, 'Historical Orders'!$D62, "1", 'Historical Orders'!$C62, "B", 'Historical Orders'!$B62, "2") -> 0 | O62: =SUMIFS('Historical Orders'!$G62, 'Historical Orders'!$D62, "1", 'Historical Orders'!$C62, "B", 'Historical Orders'!$B62, "2") -> 0 | P62: =SUMIFS('Historical Orders'!$E62, 'Historical Orders'!$D62, "2", 'Historical Orders'!$C62, "A", 'Historical Orders'!$B62, "1") -> 0 | Q62: =SUMIFS('Historical Orders'!$G62, 'Historical Orders'!$D62, "2", 'Historical Orders'!$C62, "A", 'Historical Orders'!$B62, "1") -> 0 | R62: =SUMIFS('Historical Orders'!$E62, 'Historical Orders'!$D62, "2", 'Historical Orders'!$C62, "B", 'Historical Orders'!$B62, "1") -> 0 | S62: =SUMIFS('Historical Orders'!$G62, 'Historical Orders'!$D62, "2", 'Historical Orders'!$C62, "B", 'Historical Orders'!$B62, "1") -> 0 | T62: =SUMIFS('Historical Orders'!$E62, 'Historical Orders'!$D62, "2", 'Historical Orders'!$C62, "A", 'Historical Orders'!$B62, "2") -> 0 | U62: =SUMIFS('Historical Orders'!$G62, 'Historical Orders'!$D62, "2", 'Historical Orders'!$C62, "A", 'Historical Orders'!$B62, "2") -> 0 | V62: =SUMIFS('Historical Orders'!$E62, 'Historical Orders'!$D62, "2", 'Historical Orders'!$C62, "B", 'Historical Orders'!$B62, "2") -> 0 | W62: =SUMIFS('Historical Orders'!$G62, 'Historical Orders'!$D62, "2", 'Historical Orders'!$C62, "B", 'Historical Orders'!$B62, "2") -> 0 | X62: =SUMIFS('Historical Orders'!$E62, 'Historical Orders'!$D62, "3", 'Historical Orders'!$C62, "A", 'Historical Orders'!$B62, "1") -> 0 | Y62: =SUMIFS('Historical Orders'!$G62, 'Historical Orders'!$D62, "3", 'Historical Orders'!$C62, "A", 'Historical Orders'!$B62, "1") -> 0 | Z62: =SUMIFS('Historical Orders'!$E62, 'Historical Orders'!$D62, "3", 'Historical Orders'!$C62, "B", 'Historical Orders'!$B62, "1") -> 0 | AA62: =SUMIFS('Historical Orders'!$G62, 'Historical Orders'!$D62, "3", 'Historical Orders'!$C62, "B", 'Historical Orders'!$B62, "1") -> 0 | AB62: =SUMIFS('Historical Orders'!$E62, 'Historical Orders'!$D62, "3", 'Historical Orders'!$C62, "A", 'Historical Orders'!$B62, "2") -> 0 | AC62: =SUMIFS('Historical Orders'!$G62, 'Historical Orders'!$D62, "3", 'Historical Orders'!$C62, "A", 'Historical Orders'!$B62, "2") -> 0 | AD62: =SUMIFS('Historical Orders'!$E62, 'Historical Orders'!$D62, "3", 'Historical Orders'!$C62, "B", 'Historical Orders'!$B62, "2") -> 0 | AE62: =SUMIFS('Historical Orders'!$G62, 'Historical Orders'!$D62, "3", 'Historical Orders'!$C62, "B", 'Historical Orders'!$B62, "2") -> 0 | AF62: =SUMIFS('Historical Orders'!$E62, 'Historical Orders'!$D62, "4", 'Historical Orders'!$C62, "A", 'Historical Orders'!$B62, "1") -> 0 | AG62: =SUMIFS('Historical Orders'!$G62, 'Historical Orders'!$D62, "4", 'Historical Orders'!$C62, "A", 'Historical Orders'!$B62, "1") -> 0 | AH62: =SUMIFS('Historical Orders'!$E62, 'Historical Orders'!$D62, "4", 'Historical Orders'!$C62, "B", 'Historical Orders'!$B62, "1") -> 0 | AI62: =SUMIFS('Historical Orders'!$G62, 'Historical Orders'!$D62, "4", 'Historical Orders'!$C62, "B", 'Historical Orders'!$B62, "1") -> 0 | AJ62: =SUMIFS('Historical Orders'!$E62, 'Historical Orders'!$D62, "4", 'Historical Orders'!$C62, "A", 'Historical Orders'!$B62, "2") -> 0 | AK62: =SUMIFS('Historical Orders'!$G62, 'Historical Orders'!$D62, "4", 'Historical Orders'!$C62, "A", 'Historical Orders'!$B62, "2") -> 0 | AL62: =SUMIFS('Historical Orders'!$E62, 'Historical Orders'!$D62, "4", 'Historical Orders'!$C62, "B", 'Historical Orders'!$B62, "2") -> 0 | AM62: =SUMIFS('Historical Orders'!$G62, 'Historical Orders'!$D62, "4", 'Historical Orders'!$C62, "B", 'Historical Orders'!$B62, "2") -> 0 | AN62: =SUMIFS('Historical Orders'!$G62, 'Historical Orders'!$C62, "A", 'Historical Orders'!$B62, "1") -> 7766 | AO62: =SUMIFS('Historical Orders'!$G62, 'Historical Orders'!$C62, "B", 'Historical Orders'!$B62, "1") -> 0 | AP62: =SUMIFS('Historical Orders'!$G62, 'Historical Orders'!$C62, "A", 'Historical Orders'!$B62, "2") -> 0 | AQ62: =SUMIFS('Historical Orders'!$G62, 'Historical Orders'!$C62, "B", 'Historical Orders'!$B62, "2") -> 0
A63: 41925 | B63: 1 | C63: A | D63: 2 | E63: 4968 | F63: 1.2 | G63: 5961.6 | H63: =SUMIFS('Historical Orders'!$E63, 'Historical Orders'!$D63, "1", 'Historical Orders'!$C63, "A", 'Historical Orders'!$B63, "1") -> 0 | I63: =SUMIFS('Historical Orders'!$G63, 'Historical Orders'!$D63, "1", 'Historical Orders'!$C63, "A", 'Historical Orders'!$B63, "1") -> 0 | J63: =SUMIFS('Historical Orders'!$E63, 'Historical Orders'!$D63, "1", 'Historical Orders'!$C63, "B", 'Historical Orders'!$B63, "1") -> 0 | K63: =SUMIFS('Historical Orders'!$G63, 'Historical Orders'!$D63, "1", 'Historical Orders'!$C63, "B", 'Historical Orders'!$B63, "1") -> 0 | L63: =SUMIFS('Historical Orders'!$E63, 'Historical Orders'!$D63, "1", 'Historical Orders'!$C63, "A", 'Historical Orders'!$B63, "2") -> 0 | M63: =SUMIFS('Historical Orders'!$G63, 'Historical Orders'!$D63, "1", 'Historical Orders'!$C63, "A", 'Historical Orders'!$B63, "2") -> 0 | N63: =SUMIFS('Historical Orders'!$E63, 'Historical Orders'!$D63, "1", 'Historical Orders'!$C63, "B", 'Historical Orders'!$B63, "2") -> 0 | O63: =SUMIFS('Historical Orders'!$G63, 'Historical Orders'!$D63, "1", 'Historical Orders'!$C63, "B", 'Historical Orders'!$B63, "2") -> 0 | P63: =SUMIFS('Historical Orders'!$E63, 'Historical Orders'!$D63, "2", 'Historical Orders'!$C63, "A", 'Historical Orders'!$B63, "1") -> 4968 | Q63: =SUMIFS('Historical Orders'!$G63, 'Historical Orders'!$D63, "2", 'Historical Orders'!$C63, "A", 'Historical Orders'!$B63, "1") -> 5961.6 | R63: =SUMIFS('Historical Orders'!$E63, 'Historical Orders'!$D63, "2", 'Historical Orders'!$C63, "B", 'Historical Orders'!$B63, "1") -> 0 | S63: =SUMIFS('Historical Orders'!$G63, 'Historical Orders'!$D63, "2", 'Historical Orders'!$C63, "B", 'Historical Orders'!$B63, "1") -> 0 | T63: =SUMIFS('Historical Orders'!$E63, 'Historical Orders'!$D63, "2", 'Historical Orders'!$C63, "A", 'Historical Orders'!$B63, "2") -> 0 | U63: =SUMIFS('Historical Orders'!$G63, 'Historical Orders'!$D63, "2", 'Historical Orders'!$C63, "A", 'Historical Orders'!$B63, "2") -> 0 | V63: =SUMIFS('Historical Orders'!$E63, 'Historical Orders'!$D63, "2", 'Historical Orders'!$C63, "B", 'Historical Orders'!$B63, "2") -> 0 | W63: =SUMIFS('Historical Orders'!$G63, 'Historical Orders'!$D63, "2", 'Historical Orders'!$C63, "B", 'Historical Orders'!$B63, "2") -> 0 | X63: =SUMIFS('Historical Orders'!$E63, 'Historical Orders'!$D63, "3", 'Historical Orders'!$C63, "A", 'Historical Orders'!$B63, "1") -> 0 | Y63: =SUMIFS('Historical Orders'!$G63, 'Historical Orders'!$D63, "3", 'Historical Orders'!$C63, "A", 'Historical Orders'!$B63, "1") -> 0 | Z63: =SUMIFS('Historical Orders'!$E63, 'Historical Orders'!$D63, "3", 'Historical Orders'!$C63, "B", 'Historical Orders'!$B63, "1") -> 0 | AA63: =SUMIFS('Historical Orders'!$G63, 'Historical Orders'!$D63, "3", 'Historical Orders'!$C63, "B", 'Historical Orders'!$B63, "1") -> 0 | AB63: =SUMIFS('Historical Orders'!$E63, 'Historical Orders'!$D63, "3", 'Historical Orders'!$C63, "A", 'Historical Orders'!$B63, "2") -> 0 | AC63: =SUMIFS('Historical Orders'!$G63, 'Historical Orders'!$D63, "3", 'Historical Orders'!$C63, "A", 'Historical Orders'!$B63, "2") -> 0 | AD63: =SUMIFS('Historical Orders'!$E63, 'Historical Orders'!$D63, "3", 'Historical Orders'!$C63, "B", 'Historical Orders'!$B63, "2") -> 0 | AE63: =SUMIFS('Historical Orders'!$G63, 'Historical Orders'!$D63, "3", 'Historical Orders'!$C63, "B", 'Historical Orders'!$B63, "2") -> 0 | AF63: =SUMIFS('Historical Orders'!$E63, 'Historical Orders'!$D63, "4", 'Historical Orders'!$C63, "A", 'Historical Orders'!$B63, "1") -> 0 | AG63: =SUMIFS('Historical Orders'!$G63, 'Historical Orders'!$D63, "4", 'Historical Orders'!$C63, "A", 'Historical Orders'!$B63, "1") -> 0 | AH63: =SUMIFS('Historical Orders'!$E63, 'Historical Orders'!$D63, "4", 'Historical Orders'!$C63, "B", 'Historical Orders'!$B63, "1") -> 0 | AI63: =SUMIFS('Historical Orders'!$G63, 'Historical Orders'!$D63, "4", 'Historical Orders'!$C63, "B", 'Historical Orders'!$B63, "1") -> 0 | AJ63: =SUMIFS('Historical Orders'!$E63, 'Historical Orders'!$D63, "4", 'Historical Orders'!$C63, "A", 'Historical Orders'!$B63, "2") -> 0 | AK63: =SUMIFS('Historical Orders'!$G63, 'Historical Orders'!$D63, "4", 'Historical Orders'!$C63, "A", 'Historical Orders'!$B63, "2") -> 0 | AL63: =SUMIFS('Historical Orders'!$E63, 'Historical Orders'!$D63, "4", 'Historical Orders'!$C63, "B", 'Historical Orders'!$B63, "2") -> 0 | AM63: =SUMIFS('Historical Orders'!$G63, 'Historical Orders'!$D63, "4", 'Historical Orders'!$C63, "B", 'Historical Orders'!$B63, "2") -> 0 | AN63: =SUMIFS('Historical Orders'!$G63, 'Historical Orders'!$C63, "A", 'Historical Orders'!$B63, "1") -> 5961.6 | AO63: =SUMIFS('Historical Orders'!$G63, 'Historical Orders'!$C63, "B", 'Historical Orders'!$B63, "1") -> 0 | AP63: =SUMIFS('Historical Orders'!$G63, 'Historical Orders'!$C63, "A", 'Historical Orders'!$B63, "2") -> 0 | AQ63: =SUMIFS('Historical Orders'!$G63, 'Historical Orders'!$C63, "B", 'Historical Orders'!$B63, "2") -> 0
A64: 41925 | B64: 2 | C64: A | D64: 1 | E64: 2868 | F64: 2.2 | G64: 6309.6 | H64: =SUMIFS('Historical Orders'!$E64, 'Historical Orders'!$D64, "1", 'Historical Orders'!$C64, "A", 'Historical Orders'!$B64, "1") -> 0 | I64: =SUMIFS('Historical Orders'!$G64, 'Historical Orders'!$D64, "1", 'Historical Orders'!$C64, "A", 'Historical Orders'!$B64, "1") -> 0 | J64: =SUMIFS('Historical Orders'!$E64, 'Historical Orders'!$D64, "1", 'Historical Orders'!$C64, "B", 'Historical Orders'!$B64, "1") -> 0 | K64: =SUMIFS('Historical Orders'!$G64, 'Historical Orders'!$D64, "1", 'Historical Orders'!$C64, "B", 'Historical Orders'!$B64, "1") -> 0 | L64: =SUMIFS('Historical Orders'!$E64, 'Historical Orders'!$D64, "1", 'Historical Orders'!$C64, "A", 'Historical Orders'!$B64, "2") -> 2868 | M64: =SUMIFS('Historical Orders'!$G64, 'Historical Orders'!$D64, "1", 'Historical Orders'!$C64, "A", 'Historical Orders'!$B64, "2") -> 6309.6 | N64: =SUMIFS('Historical Orders'!$E64, 'Historical Orders'!$D64, "1", 'Historical Orders'!$C64, "B", 'Historical Orders'!$B64, "2") -> 0 | O64: =SUMIFS('Historical Orders'!$G64, 'Historical Orders'!$D64, "1", 'Historical Orders'!$C64, "B", 'Historical Orders'!$B64, "2") -> 0 | P64: =SUMIFS('Historical Orders'!$E64, 'Historical Orders'!$D64, "2", 'Historical Orders'!$C64, "A", 'Historical Orders'!$B64, "1") -> 0 | Q64: =SUMIFS('Historical Orders'!$G64, 'Historical Orders'!$D64, "2", 'Historical Orders'!$C64, "A", 'Historical Orders'!$B64, "1") -> 0 | R64: =SUMIFS('Historical Orders'!$E64, 'Historical Orders'!$D64, "2", 'Historical Orders'!$C64, "B", 'Historical Orders'!$B64, "1") -> 0 | S64: =SUMIFS('Historical Orders'!$G64, 'Historical Orders'!$D64, "2", 'Historical Orders'!$C64, "B", 'Historical Orders'!$B64, "1") -> 0 | T64: =SUMIFS('Historical Orders'!$E64, 'Historical Orders'!$D64, "2", 'Historical Orders'!$C64, "A", 'Historical Orders'!$B64, "2") -> 0 | U64: =SUMIFS('Historical Orders'!$G64, 'Historical Orders'!$D64, "2", 'Historical Orders'!$C64, "A", 'Historical Orders'!$B64, "2") -> 0 | V64: =SUMIFS('Historical Orders'!$E64, 'Historical Orders'!$D64, "2", 'Historical Orders'!$C64, "B", 'Historical Orders'!$B64, "2") -> 0 | W64: =SUMIFS('Historical Orders'!$G64, 'Historical Orders'!$D64, "2", 'Historical Orders'!$C64, "B", 'Historical Orders'!$B64, "2") -> 0 | X64: =SUMIFS('Historical Orders'!$E64, 'Historical Orders'!$D64, "3", 'Historical Orders'!$C64, "A", 'Historical Orders'!$B64, "1") -> 0 | Y64: =SUMIFS('Historical Orders'!$G64, 'Historical Orders'!$D64, "3", 'Historical Orders'!$C64, "A", 'Historical Orders'!$B64, "1") -> 0 | Z64: =SUMIFS('Historical Orders'!$E64, 'Historical Orders'!$D64, "3", 'Historical Orders'!$C64, "B", 'Historical Orders'!$B64, "1") -> 0 | AA64: =SUMIFS('Historical Orders'!$G64, 'Historical Orders'!$D64, "3", 'Historical Orders'!$C64, "B", 'Historical Orders'!$B64, "1") -> 0 | AB64: =SUMIFS('Historical Orders'!$E64, 'Historical Orders'!$D64, "3", 'Historical Orders'!$C64, "A", 'Historical Orders'!$B64, "2") -> 0 | AC64: =SUMIFS('Historical Orders'!$G64, 'Historical Orders'!$D64, "3", 'Historical Orders'!$C64, "A", 'Historical Orders'!$B64, "2") -> 0 | AD64: =SUMIFS('Historical Orders'!$E64, 'Historical Orders'!$D64, "3", 'Historical Orders'!$C64, "B", 'Historical Orders'!$B64, "2") -> 0 | AE64: =SUMIFS('Historical Orders'!$G64, 'Historical Orders'!$D64, "3", 'Historical Orders'!$C64, "B", 'Historical Orders'!$B64, "2") -> 0 | AF64: =SUMIFS('Historical Orders'!$E64, 'Historical Orders'!$D64, "4", 'Historical Orders'!$C64, "A", 'Historical Orders'!$B64, "1") -> 0 | AG64: =SUMIFS('Historical Orders'!$G64, 'Historical Orders'!$D64, "4", 'Historical Orders'!$C64, "A", 'Historical Orders'!$B64, "1") -> 0 | AH64: =SUMIFS('Historical Orders'!$E64, 'Historical Orders'!$D64, "4", 'Historical Orders'!$C64, "B", 'Historical Orders'!$B64, "1") -> 0 | AI64: =SUMIFS('Historical Orders'!$G64, 'Historical Orders'!$D64, "4", 'Historical Orders'!$C64, "B", 'Historical Orders'!$B64, "1") -> 0 | AJ64: =SUMIFS('Historical Orders'!$E64, 'Historical Orders'!$D64, "4", 'Historical Orders'!$C64, "A", 'Historical Orders'!$B64, "2") -> 0 | AK64: =SUMIFS('Historical Orders'!$G64, 'Historical Orders'!$D64, "4", 'Historical Orders'!$C64, "A", 'Historical Orders'!$B64, "2") -> 0 | AL64: =SUMIFS('Historical Orders'!$E64, 'Historical Orders'!$D64, "4", 'Historical Orders'!$C64, "B", 'Historical Orders'!$B64, "2") -> 0 | AM64: =SUMIFS('Historical Orders'!$G64, 'Historical Orders'!$D64, "4", 'Historical Orders'!$C64, "B", 'Historical Orders'!$B64, "2") -> 0 | AN64: =SUMIFS('Historical Orders'!$G64, 'Historical Orders'!$C64, "A", 'Historical Orders'!$B64, "1") -> 0 | AO64: =SUMIFS('Historical Orders'!$G64, 'Historical Orders'!$C64, "B", 'Historical Orders'!$B64, "1") -> 0 | AP64: =SUMIFS('Historical Orders'!$G64, 'Historical Orders'!$C64, "A", 'Historical Orders'!$B64, "2") -> 6309.6 | AQ64: =SUMIFS('Historical Orders'!$G64, 'Historical Orders'!$C64, "B", 'Historical Orders'!$B64, "2") -> 0
A65: 41925 | B65: 2 | C65: A | D65: 2 | E65: 4414 | F65: 1.2 | G65: 5296.8 | H65: =SUMIFS('Historical Orders'!$E65, 'Historical Orders'!$D65, "1", 'Historical Orders'!$C65, "A", 'Historical Orders'!$B65, "1") -> 0 | I65: =SUMIFS('Historical Orders'!$G65, 'Historical Orders'!$D65, "1", 'Historical Orders'!$C65, "A", 'Historical Orders'!$B65, "1") -> 0 | J65: =SUMIFS('Historical Orders'!$E65, 'Historical Orders'!$D65, "1", 'Historical Orders'!$C65, "B", 'Historical Orders'!$B65, "1") -> 0 | K65: =SUMIFS('Historical Orders'!$G65, 'Historical Orders'!$D65, "1", 'Historical Orders'!$C65, "B", 'Historical Orders'!$B65, "1") -> 0 | L65: =SUMIFS('Historical Orders'!$E65, 'Historical Orders'!$D65, "1", 'Historical Orders'!$C65, "A", 'Historical Orders'!$B65, "2") -> 0 | M65: =SUMIFS('Historical Orders'!$G65, 'Historical Orders'!$D65, "1", 'Historical Orders'!$C65, "A", 'Historical Orders'!$B65, "2") -> 0 | N65: =SUMIFS('Historical Orders'!$E65, 'Historical Orders'!$D65, "1", 'Historical Orders'!$C65, "B", 'Historical Orders'!$B65, "2") -> 0 | O65: =SUMIFS('Historical Orders'!$G65, 'Historical Orders'!$D65, "1", 'Historical Orders'!$C65, "B", 'Historical Orders'!$B65, "2") -> 0 | P65: =SUMIFS('Historical Orders'!$E65, 'Historical Orders'!$D65, "2", 'Historical Orders'!$C65, "A", 'Historical Orders'!$B65, "1") -> 0 | Q65: =SUMIFS('Historical Orders'!$G65, 'Historical Orders'!$D65, "2", 'Historical Orders'!$C65, "A", 'Historical Orders'!$B65, "1") -> 0 | R65: =SUMIFS('Historical Orders'!$E65, 'Historical Orders'!$D65, "2", 'Historical Orders'!$C65, "B", 'Historical Orders'!$B65, "1") -> 0 | S65: =SUMIFS('Historical Orders'!$G65, 'Historical Orders'!$D65, "2", 'Historical Orders'!$C65, "B", 'Historical Orders'!$B65, "1") -> 0 | T65: =SUMIFS('Historical Orders'!$E65, 'Historical Orders'!$D65, "2", 'Historical Orders'!$C65, "A", 'Historical Orders'!$B65, "2") -> 4414 | U65: =SUMIFS('Historical Orders'!$G65, 'Historical Orders'!$D65, "2", 'Historical Orders'!$C65, "A", 'Historical Orders'!$B65, "2") -> 5296.8 | V65: =SUMIFS('Historical Orders'!$E65, 'Historical Orders'!$D65, "2", 'Historical Orders'!$C65, "B", 'Historical Orders'!$B65, "2") -> 0 | W65: =SUMIFS('Historical Orders'!$G65, 'Historical Orders'!$D65, "2", 'Historical Orders'!$C65, "B", 'Historical Orders'!$B65, "2") -> 0 | X65: =SUMIFS('Historical Orders'!$E65, 'Historical Orders'!$D65, "3", 'Historical Orders'!$C65, "A", 'Historical Orders'!$B65, "1") -> 0 | Y65: =SUMIFS('Historical Orders'!$G65, 'Historical Orders'!$D65, "3", 'Historical Orders'!$C65, "A", 'Historical Orders'!$B65, "1") -> 0 | Z65: =SUMIFS('Historical Orders'!$E65, 'Historical Orders'!$D65, "3", 'Historical Orders'!$C65, "B", 'Historical Orders'!$B65, "1") -> 0 | AA65: =SUMIFS('Historical Orders'!$G65, 'Historical Orders'!$D65, "3", 'Historical Orders'!$C65, "B", 'Historical Orders'!$B65, "1") -> 0 | AB65: =SUMIFS('Historical Orders'!$E65, 'Historical Orders'!$D65, "3", 'Historical Orders'!$C65, "A", 'Historical Orders'!$B65, "2") -> 0 | AC65: =SUMIFS('Historical Orders'!$G65, 'Historical Orders'!$D65, "3", 'Historical Orders'!$C65, "A", 'Historical Orders'!$B65, "2") -> 0 | AD65: =SUMIFS('Historical Orders'!$E65, 'Historical Orders'!$D65, "3", 'Historical Orders'!$C65, "B", 'Historical Orders'!$B65, "2") -> 0 | AE65: =SUMIFS('Historical Orders'!$G65, 'Historical Orders'!$D65, "3", 'Historical Orders'!$C65, "B", 'Historical Orders'!$B65, "2") -> 0 | AF65: =SUMIFS('Historical Orders'!$E65, 'Historical Orders'!$D65, "4", 'Historical Orders'!$C65, "A", 'Historical Orders'!$B65, "1") -> 0 | AG65: =SUMIFS('Historical Orders'!$G65, 'Historical Orders'!$D65, "4", 'Historical Orders'!$C65, "A", 'Historical Orders'!$B65, "1") -> 0 | AH65: =SUMIFS('Historical Orders'!$E65, 'Historical Orders'!$D65, "4", 'Historical Orders'!$C65, "B", 'Historical Orders'!$B65, "1") -> 0 | AI65: =SUMIFS('Historical Orders'!$G65, 'Historical Orders'!$D65, "4", 'Historical Orders'!$C65, "B", 'Historical Orders'!$B65, "1") -> 0 | AJ65: =SUMIFS('Historical Orders'!$E65, 'Historical Orders'!$D65, "4", 'Historical Orders'!$C65, "A", 'Historical Orders'!$B65, "2") -> 0 | AK65: =SUMIFS('Historical Orders'!$G65, 'Historical Orders'!$D65, "4", 'Historical Orders'!$C65, "A", 'Historical Orders'!$B65, "2") -> 0 | AL65: =SUMIFS('Historical Orders'!$E65, 'Historical Orders'!$D65, "4", 'Historical Orders'!$C65, "B", 'Historical Orders'!$B65, "2") -> 0 | AM65: =SUMIFS('Historical Orders'!$G65, 'Historical Orders'!$D65, "4", 'Historical Orders'!$C65, "B", 'Historical Orders'!$B65, "2") -> 0 | AN65: =SUMIFS('Historical Orders'!$G65, 'Historical Orders'!$C65, "A", 'Historical Orders'!$B65, "1") -> 0 | AO65: =SUMIFS('Historical Orders'!$G65, 'Historical Orders'!$C65, "B", 'Historical Orders'!$B65, "1") -> 0 | AP65: =SUMIFS('Historical Orders'!$G65, 'Historical Orders'!$C65, "A", 'Historical Orders'!$B65, "2") -> 5296.8 | AQ65: =SUMIFS('Historical Orders'!$G65, 'Historical Orders'!$C65, "B", 'Historical Orders'!$B65, "2") -> 0
A66: 41925 | B66: 1 | C66: B | D66: 3 | E66: 2050 | F66: 8.3 | G66: 17015 | H66: =SUMIFS('Historical Orders'!$E66, 'Historical Orders'!$D66, "1", 'Historical Orders'!$C66, "A", 'Historical Orders'!$B66, "1") -> 0 | I66: =SUMIFS('Historical Orders'!$G66, 'Historical Orders'!$D66, "1", 'Historical Orders'!$C66, "A", 'Historical Orders'!$B66, "1") -> 0 | J66: =SUMIFS('Historical Orders'!$E66, 'Historical Orders'!$D66, "1", 'Historical Orders'!$C66, "B", 'Historical Orders'!$B66, "1") -> 0 | K66: =SUMIFS('Historical Orders'!$G66, 'Historical Orders'!$D66, "1", 'Historical Orders'!$C66, "B", 'Historical Orders'!$B66, "1") -> 0 | L66: =SUMIFS('Historical Orders'!$E66, 'Historical Orders'!$D66, "1", 'Historical Orders'!$C66, "A", 'Historical Orders'!$B66, "2") -> 0 | M66: =SUMIFS('Historical Orders'!$G66, 'Historical Orders'!$D66, "1", 'Historical Orders'!$C66, "A", 'Historical Orders'!$B66, "2") -> 0 | N66: =SUMIFS('Historical Orders'!$E66, 'Historical Orders'!$D66, "1", 'Historical Orders'!$C66, "B", 'Historical Orders'!$B66, "2") -> 0 | O66: =SUMIFS('Historical Orders'!$G66, 'Historical Orders'!$D66, "1", 'Historical Orders'!$C66, "B", 'Historical Orders'!$B66, "2") -> 0 | P66: =SUMIFS('Historical Orders'!$E66, 'Historical Orders'!$D66, "2", 'Historical Orders'!$C66, "A", 'Historical Orders'!$B66, "1") -> 0 | Q66: =SUMIFS('Historical Orders'!$G66, 'Historical Orders'!$D66, "2", 'Historical Orders'!$C66, "A", 'Historical Orders'!$B66, "1") -> 0 | R66: =SUMIFS('Historical Orders'!$E66, 'Historical Orders'!$D66, "2", 'Historical Orders'!$C66, "B", 'Historical Orders'!$B66, "1") -> 0 | S66: =SUMIFS('Historical Orders'!$G66, 'Historical Orders'!$D66, "2", 'Historical Orders'!$C66, "B", 'Historical Orders'!$B66, "1") -> 0 | T66: =SUMIFS('Historical Orders'!$E66, 'Historical Orders'!$D66, "2", 'Historical Orders'!$C66, "A", 'Historical Orders'!$B66, "2") -> 0 | U66: =SUMIFS('Historical Orders'!$G66, 'Historical Orders'!$D66, "2", 'Historical Orders'!$C66, "A", 'Historical Orders'!$B66, "2") -> 0 | V66: =SUMIFS('Historical Orders'!$E66, 'Historical Orders'!$D66, "2", 'Historical Orders'!$C66, "B", 'Historical Orders'!$B66, "2") -> 0 | W66: =SUMIFS('Historical Orders'!$G66, 'Historical Orders'!$D66, "2", 'Historical Orders'!$C66, "B", 'Historical Orders'!$B66, "2") -> 0 | X66: =SUMIFS('Historical Orders'!$E66, 'Historical Orders'!$D66, "3", 'Historical Orders'!$C66, "A", 'Historical Orders'!$B66, "1") -> 0 | Y66: =SUMIFS('Historical Orders'!$G66, 'Historical Orders'!$D66, "3", 'Historical Orders'!$C66, "A", 'Historical Orders'!$B66, "1") -> 0 | Z66: =SUMIFS('Historical Orders'!$E66, 'Historical Orders'!$D66, "3", 'Historical Orders'!$C66, "B", 'Historical Orders'!$B66, "1") -> 2050 | AA66: =SUMIFS('Historical Orders'!$G66, 'Historical Orders'!$D66, "3", 'Historical Orders'!$C66, "B", 'Historical Orders'!$B66, "1") -> 17015 | AB66: =SUMIFS('Historical Orders'!$E66, 'Historical Orders'!$D66, "3", 'Historical Orders'!$C66, "A", 'Historical Orders'!$B66, "2") -> 0 | AC66: =SUMIFS('Historical Orders'!$G66, 'Historical Orders'!$D66, "3", 'Historical Orders'!$C66, "A", 'Historical Orders'!$B66, "2") -> 0 | AD66: =SUMIFS('Historical Orders'!$E66, 'Historical Orders'!$D66, "3", 'Historical Orders'!$C66, "B", 'Historical Orders'!$B66, "2") -> 0 | AE66: =SUMIFS('Historical Orders'!$G66, 'Historical Orders'!$D66, "3", 'Historical Orders'!$C66, "B", 'Historical Orders'!$B66, "2") -> 0 | AF66: =SUMIFS('Historical Orders'!$E66, 'Historical Orders'!$D66, "4", 'Historical Orders'!$C66, "A", 'Historical Orders'!$B66, "1") -> 0 | AG66: =SUMIFS('Historical Orders'!$G66, 'Historical Orders'!$D66, "4", 'Historical Orders'!$C66, "A", 'Historical Orders'!$B66, "1") -> 0 | AH66: =SUMIFS('Historical Orders'!$E66, 'Historical Orders'!$D66, "4", 'Historical Orders'!$C66, "B", 'Historical Orders'!$B66, "1") -> 0 | AI66: =SUMIFS('Historical Orders'!$G66, 'Historical Orders'!$D66, "4", 'Historical Orders'!$C66, "B", 'Historical Orders'!$B66, "1") -> 0 | AJ66: =SUMIFS('Historical Orders'!$E66, 'Historical Orders'!$D66, "4", 'Historical Orders'!$C66, "A", 'Historical Orders'!$B66, "2") -> 0 | AK66: =SUMIFS('Historical Orders'!$G66, 'Historical Orders'!$D66, "4", 'Historical Orders'!$C66, "A", 'Historical Orders'!$B66, "2") -> 0 | AL66: =SUMIFS('Historical Orders'!$E66, 'Historical Orders'!$D66, "4", 'Historical Orders'!$C66, "B", 'Historical Orders'!$B66, "2") -> 0 | AM66: =SUMIFS('Historical Orders'!$G66, 'Historical Orders'!$D66, "4", 'Historical Orders'!$C66, "B", 'Historical Orders'!$B66, "2") -> 0 | AN66: =SUMIFS('Historical Orders'!$G66, 'Historical Orders'!$C66, "A", 'Historical Orders'!$B66, "1") -> 0 | AO66: =SUMIFS('Historical Orders'!$G66, 'Historical Orders'!$C66, "B", 'Historical Orders'!$B66, "1") -> 17015 | AP66: =SUMIFS('Historical Orders'!$G66, 'Historical Orders'!$C66, "A", 'Historical Orders'!$B66, "2") -> 0 | AQ66: =SUMIFS('Historical Orders'!$G66, 'Historical Orders'!$C66, "B", 'Historical Orders'!$B66, "2") -> 0
... A313: 42212 | B313: 2 | C313: B | D313: 3 | E313: 2888 | F313: 8.3 | G313: 23970.4 | H313: =SUMIFS('Historical Orders'!$E313, 'Historical Orders'!$D313, "1", 'Historical Orders'!$C313, "A", 'Historical Orders'!$B313, "1") -> 0 | I313: =SUMIFS('Historical Orders'!$G313, 'Historical Orders'!$D313, "1", 'Historical Orders'!$C313, "A", 'Historical Orders'!$B313, "1") -> 0 | J313: =SUMIFS('Historical Orders'!$E313, 'Historical Orders'!$D313, "1", 'Historical Orders'!$C313, "B", 'Historical Orders'!$B313, "1") -> 0 | K313: =SUMIFS('Historical Orders'!$G313, 'Historical Orders'!$D313, "1", 'Historical Orders'!$C313, "B", 'Historical Orders'!$B313, "1") -> 0 | L313: =SUMIFS('Historical Orders'!$E313, 'Historical Orders'!$D313, "1", 'Historical Orders'!$C313, "A", 'Historical Orders'!$B313, "2") -> 0 | M313: =SUMIFS('Historical Orders'!$G313, 'Historical Orders'!$D313, "1", 'Historical Orders'!$C313, "A", 'Historical Orders'!$B313, "2") -> 0 | N313: =SUMIFS('Historical Orders'!$E313, 'Historical Orders'!$D313, "1", 'Historical Orders'!$C313, "B", 'Historical Orders'!$B313, "2") -> 0 | O313: =SUMIFS('Historical Orders'!$G313, 'Historical Orders'!$D313, "1", 'Historical Orders'!$C313, "B", 'Historical Orders'!$B313, "2") -> 0 | P313: =SUMIFS('Historical Orders'!$E313, 'Historical Orders'!$D313, "2", 'Historical Orders'!$C313, "A", 'Historical Orders'!$B313, "1") -> 0 | Q313: =SUMIFS('Historical Orders'!$G313, 'Historical Orders'!$D313, "2", 'Historical Orders'!$C313, "A", 'Historical Orders'!$B313, "1") -> 0 | R313: =SUMIFS('Historical Orders'!$E313, 'Historical Orders'!$D313, "2", 'Historical Orders'!$C313, "B", 'Historical Orders'!$B313, "1") -> 0 | S313: =SUMIFS('Historical Orders'!$G313, 'Historical Orders'!$D313, "2", 'Historical Orders'!$C313, "B", 'Historical Orders'!$B313, "1") -> 0 | T313: =SUMIFS('Historical Orders'!$E313, 'Historical Orders'!$D313, "2", 'Historical Orders'!$C313, "A", 'Historical Orders'!$B313, "2") -> 0 | U313: =SUMIFS('Historical Orders'!$G313, 'Historical Orders'!$D313, "2", 'Historical Orders'!$C313, "A", 'Historical Orders'!$B313, "2") -> 0 | V313: =SUMIFS('Historical Orders'!$E313, 'Historical Orders'!$D313, "2", 'Historical Orders'!$C313, "B", 'Historical Orders'!$B313, "2") -> 0 | W313: =SUMIFS('Historical Orders'!$G313, 'Historical Orders'!$D313, "2", 'Historical Orders'!$C313, "B", 'Historical Orders'!$B313, "2") -> 0 | X313: =SUMIFS('Historical Orders'!$E313, 'Historical Orders'!$D313, "3", 'Historical Orders'!$C313, "A", 'Historical Orders'!$B313, "1") -> 0 | Y313: =SUMIFS('Historical Orders'!$G313, 'Historical Orders'!$D313, "3", 'Historical Orders'!$C313, "A", 'Historical Orders'!$B313, "1") -> 0 | Z313: =SUMIFS('Historical Orders'!$E313, 'Historical Orders'!$D313, "3", 'Historical Orders'!$C313, "B", 'Historical Orders'!$B313, "1") -> 0 | AA313: =SUMIFS('Historical Orders'!$G313, 'Historical Orders'!$D313, "3", 'Historical Orders'!$C313, "B", 'Historical Orders'!$B313, "1") -> 0 | AB313: =SUMIFS('Historical Orders'!$E313, 'Historical Orders'!$D313, "3", 'Historical Orders'!$C313, "A", 'Historical Orders'!$B313, "2") -> 0 | AC313: =SUMIFS('Historical Orders'!$G313, 'Historical Orders'!$D313, "3", 'Historical Orders'!$C313, "A", 'Historical Orders'!$B313, "2") -> 0 | AD313: =SUMIFS('Historical Orders'!$E313, 'Historical Orders'!$D313, "3", 'Historical Orders'!$C313, "B", 'Historical Orders'!$B313, "2") -> 2888 | AE313: =SUMIFS('Historical Orders'!$G313, 'Historical Orders'!$D313, "3", 'Historical Orders'!$C313, "B", 'Historical Orders'!$B313, "2") -> 23970.4 | AF313: =SUMIFS('Historical Orders'!$E313, 'Historical Orders'!$D313, "4", 'Historical Orders'!$C313, "A", 'Historical Orders'!$B313, "1") -> 0 | AG313: =SUMIFS('Historical Orders'!$G313, 'Historical Orders'!$D313, "4", 'Historical Orders'!$C313, "A", 'Historical Orders'!$B313, "1") -> 0 | AH313: =SUMIFS('Historical Orders'!$E313, 'Historical Orders'!$D313, "4", 'Historical Orders'!$C313, "B", 'Historical Orders'!$B313, "1") -> 0 | AI313: =SUMIFS('Historical Orders'!$G313, 'Historical Orders'!$D313, "4", 'Historical Orders'!$C313, "B", 'Historical Orders'!$B313, "1") -> 0 | AJ313: =SUMIFS('Historical Orders'!$E313, 'Historical Orders'!$D313, "4", 'Historical Orders'!$C313, "A", 'Historical Orders'!$B313, "2") -> 0 | AK313: =SUMIFS('Historical Orders'!$G313, 'Historical Orders'!$D313, "4", 'Historical Orders'!$C313, "A", 'Historical Orders'!$B313, "2") -> 0 | AL313: =SUMIFS('Historical Orders'!$E313, 'Historical Orders'!$D313, "4", 'Historical Orders'!$C313, "B", 'Historical Orders'!$B313, "2") -> 0 | AM313: =SUMIFS('Historical Orders'!$G313, 'Historical Orders'!$D313, "4", 'Historical Orders'!$C313, "B", 'Historical Orders'!$B313, "2") -> 0 | AN313: =SUMIFS('Historical Orders'!$G313, 'Historical Orders'!$C313, "A", 'Historical Orders'!$B313, "1") -> 0 | AO313: =SUMIFS('Historical Orders'!$G313, 'Historical Orders'!$C313, "B", 'Historical Orders'!$B313, "1") -> 0 | AP313: =SUMIFS('Historical Orders'!$G313, 'Historical Orders'!$C313, "A", 'Historical Orders'!$B313, "2") -> 0 | AQ313: =SUMIFS('Historical Orders'!$G313, 'Historical Orders'!$C313, "B", 'Historical Orders'!$B313, "2") -> 23970.4
A314: Total | E314: =SUBTOTAL(109,'Historical Orders'!$E$2:$E$313) -> 1259788 | F314: =SUBTOTAL(109,'Historical Orders'!$F$2:$F$313) -> 1216.8 | G314: =SUBTOTAL(109,'Historical Orders'!$G$2:$G$313) -> 3659475.3 | H314: =SUBTOTAL(109,'Historical Orders'!$H$2:$H$313) -> 234967 | I314: =SUBTOTAL(109,'Historical Orders'!$I$2:$I$313) -> 516927.4 | J314: =SUBTOTAL(109,'Historical Orders'!$J$2:$J$313) -> 0 | K314: =SUBTOTAL(109,'Historical Orders'!$K$2:$K$313) -> 0 | L314: =SUBTOTAL(109,'Historical Orders'!$L$2:$L$313) -> 175698 | M314: =SUBTOTAL(109,'Historical Orders'!$M$2:$M$313) -> 386535.6 | N314: =SUBTOTAL(109,'Historical Orders'!$N$2:$N$313) -> 0 | O314: =SUBTOTAL(109,'Historical Orders'!$O$2:$O$313) -> 0 | P314: =SUBTOTAL(109,'Historical Orders'!$P$2:$P$313) -> 295588 | Q314: =SUBTOTAL(109,'Historical Orders'!$Q$2:$Q$313) -> 354705.6 | R314: =SUBTOTAL(109,'Historical Orders'!$R$2:$R$313) -> 0 | S314: =SUBTOTAL(109,'Historical Orders'!$S$2:$S$313) -> 0 | T314: =SUBTOTAL(109,'Historical Orders'!$T$2:$T$313) -> 308878 | U314: =SUBTOTAL(109,'Historical Orders'!$U$2:$U$313) -> 370653.6 | V314: =SUBTOTAL(109,'Historical Orders'!$V$2:$V$313) -> 0 | W314: =SUBTOTAL(109,'Historical Orders'!$W$2:$W$313) -> 0 | X314: =SUBTOTAL(109,'Historical Orders'!$X$2:$X$313) -> 0 | Y314: =SUBTOTAL(109,'Historical Orders'!$Y$2:$Y$313) -> 0 | Z314: =SUBTOTAL(109,'Historical Orders'!$Z$2:$Z$313) -> 108913 | AA314: =SUBTOTAL(109,'Historical Orders'!$AA$2:$AA$313) -> 903977.9 | AB314: =SUBTOTAL(109,'Historical Orders'!$AB$2:$AB$313) -> 0 | AC314: =SUBTOTAL(109,'Historical Orders'!$AC$2:$AC$313) -> 0 | AD314: =SUBTOTAL(109,'Historical Orders'!$AD$2:$AD$313) -> 135744 | AE314: =SUBTOTAL(109,'Historical Orders'!$AE$2:$AE$313) -> 1126675.2 | AF314: =SUBTOTAL(109,'Historical Orders'!$AF$2:$AF$313) -> 0 | AG314: =SUBTOTAL(109,'Historical Orders'!$AG$2:$AG$313) -> 0 | AH314: =SUBTOTAL(109,'Historical Orders'!$AH$2:$AH$313) -> 0 | AI314: =SUBTOTAL(109,'Historical Orders'!$AI$2:$AI$313) -> 0 | AJ314: =SUBTOTAL(109,'Historical Orders'!$AJ$2:$AJ$313) -> 0 | AK314: =SUBTOTAL(109,'Historical Orders'!$AK$2:$AK$313) -> 0 | AL314: =SUBTOTAL(109,'Historical Orders'!$AL$2:$AL$313) -> 0 | AQ314: =SUBTOTAL(109,'Historical Orders'!$AQ$2:$AQ$313) -> 1126675.2
H317: ='Historical Orders'!$H$314+'Historical Orders'!$J$314+'Historical Orders'!$L$314+'Historical Orders'!$N$314 -> 410665

Sheet Future Orders
